1,2,3,4,5,6,7,8,9,10,11,12,13,14,15,16,17,18,19,20,21,22,23,24,25,26,27,28,29,30,31,32,33,34,35,36,37,38,39,40,41,42,43,44,45,46,47,48,49,50,51,52,exceedance
432,423,441,454,471,488,519,551,631,740,804,823,1043,1138,1384,1579,2651,3942,8165,8809,9834,9640,9201,8409,7371,7873,8475,8159,7320,6254,5653,5631,5567,5060,4196,3590,3010,2532,2128,1796,1492,1225,1074,921,766,676,608,565,537,504,471,450,0
420.03999999999996,418.4,407.87999999999994,410.75999999999993,444.31999999999994,487.08,502.43999999999994,547.3199999999999,621.8,683.8799999999999,755.2399999999999,823,911.4399999999997,1088.32,1372.96,1575.32,2223.1999999999994,3653.1199999999994,5258.719999999995,5395.799999999994,4955.239999999991,5479.759999999992,8917.64,8399.8,7187,6524.279999999998,6366.359999999996,6286.7999999999965,6396.319999999998,6109.5599999999995,5303.4,5272.199999999999,4703.119999999998,4092.159999999998,3519.799999999999,3046.279999999999,2602.439999999999,2230.2399999999993,1902.5999999999997,1596.3599999999997,1330.0799999999997,1133.9199999999998,1001.3199999999998,854.7599999999999,754.04,664.04,584.0799999999999,547.52,512.16,477.31999999999994,455.35999999999996,436.2,0.01
381.1999999999998,385.2399999999999,383.9999999999999,385.9999999999999,393.2799999999998,424.83999999999975,458.15999999999985,515.0799999999999,590.7599999999999,668.92,696.3999999999997,812.92,883.1999999999999,1024.3599999999997,1232.5599999999995,1459.0799999999995,2021.3599999999992,2948.4399999999973,3799.759999999995,4279.159999999996,4493.2,5060.04,6830.799999999992,7266.679999999996,6889.5999999999985,6387.68,5799.959999999998,5999.679999999999,5961.519999999999,5416.599999999998,5215.04,4476.599999999997,4060.9999999999977,3557.7599999999984,3114.9199999999987,2711.719999999999,2317.519999999999,2003.239999999999,1691.479999999999,1410.9999999999993,1182.4399999999994,1027.7199999999996,895.0399999999996,791.0399999999997,710.1599999999999,641.1599999999999,582,530.8799999999999,483.9599999999999,448.9599999999999,420.39999999999986,396.35999999999984,0.02
371.71999999999997,359.9999999999999,364.0399999999999,362.2399999999999,377.91999999999996,398.5599999999999,433.27999999999986,480.1199999999998,559.9199999999998,627.4799999999998,671.56,772.2399999999998,869.3599999999999,952.1999999999996,1067.6799999999992,1421.8,1930.7199999999996,2687.519999999999,3271.319999999998,3582.6399999999962,4460.16,4795.159999999998,6400.759999999999,6816.919999999998,6809.4,5873.279999999997,5636.5599999999995,5815.6399999999985,5470.679999999998,5147.919999999999,4905.319999999998,4316.5599999999995,3876.2399999999993,3363.3199999999993,2951.7199999999993,2561.2399999999993,2236.56,1959.68,1631.4399999999998,1353.9199999999998,1123.5599999999997,988.4799999999999,846.3599999999998,716.1599999999996,627.5199999999995,576.9599999999996,530.3199999999997,487.71999999999974,459.2399999999999,434.11999999999995,410.96,387.48,0.03
364.19999999999993,351.28,339.9599999999998,351.23999999999995,370.55999999999995,391.28,410.3199999999998,462.1599999999999,515.2799999999996,570.1199999999995,646.5999999999998,722.5999999999997,857.1599999999999,928.24,996.1199999999997,1273.5199999999986,1818.839999999999,2413.439999999998,2894.119999999997,3307.279999999999,4126.279999999997,4582.399999999999,6142.839999999997,6252.719999999995,6137.319999999993,5665.08,5533.879999999999,5592.959999999998,5303.679999999999,4940.119999999998,4575.039999999997,4268.48,3694.2399999999984,3240.599999999999,2824.439999999999,2481.3599999999997,2192.68,1932.1599999999999,1596.7999999999997,1307.9199999999996,1096.6799999999998,933.0399999999995,812.5199999999998,686.4799999999999,601.96,556.64,513.3199999999999,473.64,451.64,427.59999999999997,400.4799999999999,380.87999999999994,0.04
359.2,342.7999999999999,329.79999999999995,344.19999999999993,367.4,380.39999999999986,401.4,437.5999999999997,475.79999999999967,543.5999999999999,628.5999999999999,700.8,829.5999999999997,923,972.7999999999998,1196.3999999999999,1756.3999999999996,2259.5999999999995,2464.599999999996,3211.1999999999994,3896.799999999999,4509.8,5852.399999999998,6016.6,5779.999999999999,5615.4,5458.799999999999,5420.199999999999,5282,4793.999999999999,4442.4,4066.7999999999975,3618.2,3117.9999999999986,2768.7999999999997,2401.599999999999,2089.9999999999986,1769.999999999998,1487.3999999999987,1237.7999999999993,1083.6,910,788.9999999999998,681.4,594.9999999999999,551.8,503.9999999999999,467.5999999999999,446.79999999999995,421.79999999999995,395.4,378,0.05
350.1999999999998,336.43999999999994,325.87999999999994,332.15999999999985,351.91999999999973,366.1999999999998,391.1199999999998,421.4,459.43999999999994,535.3199999999999,605.3199999999997,664.1999999999994,783.3199999999994,917.8799999999999,949.8799999999997,1188.44,1641.559999999998,2117.6799999999976,2241.5199999999995,2936.1199999999953,3658.279999999996,4497.28,5246.159999999991,5526.79999999999,5635.599999999998,5528.359999999999,5420.5599999999995,5352.24,5207.279999999999,4658.039999999998,4366.119999999999,3900.239999999999,3542.6399999999985,3060.36,2709.479999999999,2317.199999999999,2015.3599999999997,1667.3999999999999,1418.84,1194.1599999999999,1061.2799999999997,908.96,766.9599999999997,664.8799999999997,586.8399999999999,541.1999999999998,494.87999999999994,463.48,442.96,419,393.43999999999994,374.87999999999994,0.06
340.3599999999999,332.79999999999995,319.0399999999999,321.79999999999995,335.79999999999995,356.3599999999999,382,413.71999999999986,457.12,523.9599999999998,574.0399999999996,622.4399999999997,752.8,908.8399999999998,928.8399999999998,1177.3199999999997,1525.8799999999994,1918.9599999999973,2216.68,2711,3456.8399999999992,4488.04,4757.479999999999,4970.639999999997,5480.719999999998,5456.2,5407.8,5322.24,4977.439999999996,4566.2,4223.639999999998,3834.2399999999993,3431.319999999999,3045.9999999999995,2650.4399999999996,2268.72,1990.7599999999998,1665,1405.3199999999997,1177.1999999999998,1043.56,897.8799999999998,741.6799999999996,641.6399999999998,582.12,532.68,487.5999999999999,462.56,440.23999999999995,415.9199999999999,391.56,370.67999999999995,0.07
335.92,327.84000000000003,310.04,317.56,331.2,349.04,379.12,406.64,449.88,511.04,550.6800000000001,606.12,746.04,888.76,919.2,1132.6000000000001,1479.92,1790.8,2178.28,2705.24,3403.36,4230.280000000001,4609.4800000000005,4803.4,5246.64,5355,5397.44,5186.52,4751.8,4552.12,4084.4,3751.8,3369.08,3020.12,2625.12,2256.6,1970,1661.04,1385.08,1154.1200000000001,1020.6800000000001,859.8000000000001,714.84,624.16,574.88,529.56,482,460.56,436.2,411.28,390.64,363.6,0.08
334,323.72,303,314.44,327.72,341.44,373.72,404.03999999999996,438.15999999999997,500.91999999999996,543,599.04,736.48,853.56,914.3199999999999,1057.36,1349.1199999999997,1686.4399999999996,2109.64,2585.5199999999995,3317.9599999999996,3712.9599999999996,4380.5599999999995,4684.88,4875.36,5184.64,5378.4,4967.92,4707.88,4502.2,4029.16,3653.96,3350.52,2970.72,2572.92,2240.56,1952.04,1645.8799999999999,1364.56,1132.16,977.92,813.6,693.04,610.88,561.2,525.6,481.44,453.79999999999995,426.28,402.71999999999997,383,350.91999999999996,0.09
333,321,301.59999999999997,312,325,338.79999999999995,372.2,397.79999999999995,435,490.19999999999993,540.4,592.8,722.3999999999999,815.1999999999999,906.8,1004.9999999999999,1094,1440.3999999999999,2074.9999999999995,2294.7999999999997,3149.5999999999995,3536,4255.4,4510.2,4696.8,5139,5359.8,4885.2,4632.799999999999,4368.4,4013,3628.2,3329.2,2896,2490.8,2215,1941.1999999999998,1623.8,1340.1999999999998,1125.6,956.3999999999999,802.9999999999999,686.6,607.4,553.2,520.1999999999999,478.2,442.4,408.8,383.8,363.59999999999997,342.6,0.1
326.8399999999999,311.67999999999995,295.52,307.52,317,333.28,366.3599999999999,391.31999999999994,430.64,478.52,529.88,587.16,688.5199999999999,798.68,893.76,975.1999999999999,1068.6799999999998,1379.5199999999993,1923.2399999999982,2227.8799999999987,2968.8799999999974,3516.24,4198.639999999998,4463.44,4629.5999999999985,5043.079999999999,5338.08,4871.72,4486.2,4263.999999999999,3944.0399999999995,3573.52,3286.88,2882.3599999999997,2479.3599999999997,2177.2,1914.7599999999998,1618.76,1306.36,1105.12,901.88,770.7999999999998,679.56,603.92,549.16,511.19999999999993,469.91999999999996,439.64,407.88,382.52,357.28,340.03999999999996,0.11
311,301.55999999999995,292,303.91999999999996,316.79999999999995,328,346.63999999999993,378.71999999999997,427.96,474.55999999999995,528.52,580.76,662.92,788.76,891.3199999999999,961.3199999999999,1058.84,1241.9599999999996,1570.7599999999998,2003.7199999999996,2502.7999999999993,3424.8399999999992,3795.919999999999,4397.039999999998,4347.76,4896.44,5298.759999999999,4853.36,4467.399999999999,4043.52,3848.8,3547.48,3262.08,2840.52,2459.52,2163.92,1890.28,1615.1199999999997,1286.84,1083.08,900.92,739.8399999999999,668.56,595.76,542.8,497.5999999999999,461.96,436.71999999999997,406.84,378.91999999999996,351.96,332.96,0.12
311,291.44000000000005,292,302.08000000000004,312.20000000000005,328,338.36000000000007,372.28000000000003,427.04,464.44000000000005,517.48,575.24,661.08,783.24,875.6800000000001,945.6800000000001,1055.16,1195.0400000000004,1519.2400000000002,1928.2800000000004,2429.2000000000007,3306.1600000000008,3702.080000000001,4144.960000000002,4342.24,4883.56,5224.240000000001,4815.64,4338.600000000001,4032.48,3844.2,3535.52,3217.92,2829.48,2448.48,2162.08,1873.72,1571.8800000000003,1283.16,1061.92,899.08,736.1600000000001,658.44,590.24,538.2,488.4000000000001,461.04,430.28000000000003,403.16,377.08000000000004,351.04,332.04,0.13
301.32000000000005,290.12,291.12,298.48,311.12,326.24,334.48,371.12,420.84000000000003,463.12,511.72,572.36,660.12,748.6800000000002,861.8000000000001,936.2,1048.8400000000001,1148.1200000000003,1361.2400000000007,1822.0400000000004,2287.8400000000006,3265.8,3599.4400000000005,4042.4800000000005,4319.12,4774.76,5179.64,4608.960000000001,4331.24,4026.7200000000003,3804.4,3534.12,3152.6400000000003,2785,2441.84,2157.6,1867.72,1554.16,1247.8000000000002,1038.1200000000001,872.6000000000001,734.24,633.3600000000001,572.4000000000001,538,482.72,453.08000000000004,427.36,395.08000000000004,369.96000000000004,345.72,331.12,0.14
299.2,287.6,285.40000000000003,294.8,308.6,322,331.6,371,416.8,462.2,507,571.2,652.8000000000001,730.4000000000001,840.8000000000001,915.8000000000001,1047.2,1136.4,1281.6000000000001,1652.0000000000005,2245,3137.8000000000006,3569.2000000000003,3977.2000000000003,4307.2,4695.2,4934.000000000001,4551.400000000001,4259.8,4008.4,3770.2000000000003,3494.8,3123.2000000000003,2707.8,2358.6000000000004,2100.2000000000003,1760.6000000000004,1497.6000000000001,1240.6,1035,865.8,721.2,626,566,534,480.4,448.8,424.6,394,365,341.8,322.20000000000005,0.15
294.68,285.56,281.12,291.84000000000003,300.08000000000004,318.84000000000003,331,362.36,415.28,458.4,503.12,568.84,650.28,719.08,808.6400000000001,908.12,1042.68,1125.64,1264.12,1599.32,2185.7200000000003,3053,3367.0000000000005,3874.7200000000003,4211.400000000001,4621.4,4569.4400000000005,4521.68,4213.2,3962.2400000000002,3761.56,3475.64,3062.56,2686.4,2327.2,2032.72,1727.52,1471.04,1222.72,1035,859.24,714.4,612.76,563.56,526.52,479.28,442.96000000000004,414.64,385.36,359.68,337.4,317.84000000000003,0.16
291.08,284.36,279.36,289.72,296.36,312.88,329.72,357.08,412.44,456.36,498.8,564.8,635.28,714.08,780.0799999999999,893.56,1034.6,1120.08,1242.52,1583.76,2100.36,2809.9199999999996,3250.32,3818.88,4118.04,4583,4443.96,4484.2,4184.72,3928.72,3692.52,3454.08,3034.6,2624.2,2299.96,2006.24,1721.16,1459.6,1197.44,1033.08,853.16,711.72,606.72,562.36,516.96,472.6,440.36,406.52,381.36,357.36,335.36,311.88,0.17
289.44,282.32000000000005,278.44,287.32000000000005,293.20000000000005,308.88,329,354.32000000000005,402.6000000000002,450.9600000000001,495.88,553.4800000000002,624.76,704.0400000000002,758.8000000000002,873.1200000000002,991.8000000000009,1104.4400000000003,1219.8000000000002,1524.800000000001,2056.7200000000003,2667.0800000000004,3155.7600000000016,3709.560000000002,4014.8800000000015,4563.92,4396.320000000001,4366.080000000002,4070.8400000000024,3854.0400000000013,3627.120000000001,3383.5200000000013,3005.8000000000006,2582.1600000000003,2248.360000000001,1996.8400000000001,1687.0800000000006,1449.2800000000002,1186.44,1026.96,846.5200000000001,694.2000000000004,598.7200000000001,555.8400000000001,504.6000000000002,469,440,403.44,379.32000000000005,357,334.44,308.44,0.18
288.04,279.08000000000004,274.6400000000001,286,290.52,305.6,326.6,350.6,396,446.52,493.56000000000006,546,621.08,691.2400000000001,747.1200000000001,861.5600000000001,959.08,1092.52,1192.7600000000004,1483,1962.2000000000019,2645.8,3047.6400000000012,3572.5200000000013,3903.320000000001,4504.640000000001,4351.4400000000005,4256.240000000001,3965.4800000000005,3795.32,3546.0000000000014,3272.160000000001,2917.3600000000015,2558.7200000000003,2215.12,1952.6400000000008,1646.1600000000003,1411.3600000000006,1169.6800000000003,1020.6,840.6,680.52,592.52,543.8000000000002,498,468.52,434.2400000000001,401.08000000000004,377.52,353.6400000000001,330.1600000000001,308,0.19
287,275.8,271,286,288.40000000000003,301.8,323.6,346.8,391.2000000000001,445.20000000000005,489.6,544.8000000000001,616.2,683,742,856.4000000000001,948.2000000000002,1091.2,1170.2,1461.4000000000005,1848.0000000000005,2562.000000000002,2937.6000000000013,3474.600000000001,3833.4,4408.200000000001,4317.200000000001,4198.400000000001,3897.2000000000007,3727.800000000001,3471.8,3195,2841.8,2529.6000000000004,2209.6,1905.2,1614.6000000000004,1369.6000000000001,1145.2,1007.2000000000003,826.4000000000002,679.6,591.6,534.8000000000001,496.40000000000003,463.6000000000001,427.20000000000005,399,374.6,346.0000000000001,325.20000000000005,307.6,0.2
286.04,274,270.36,282.80000000000007,285.04,298.40000000000003,322.68,343.72,384,441.76000000000005,484.72,542.36,611.04,669.4400000000003,737.72,846.5200000000001,934.36,1076.2400000000002,1161.8400000000001,1417.1600000000003,1780.0400000000009,2410.2400000000007,2846.0800000000004,3393.040000000001,3790.2000000000007,4338.04,4249.400000000001,4157.4400000000005,3826.28,3637.4,3457.36,3150.040000000001,2824.0000000000005,2490.3200000000006,2202.48,1897.3600000000001,1589.8000000000002,1356.48,1132.44,989.4000000000001,808.6800000000001,674.5200000000001,586.8400000000001,532.6800000000001,490.1600000000001,456.04,425.36,398.36,370.68,340,323.36,306.36,0.21
283.76,273.52,269,275.52,282.76,294.76,321.28000000000003,340.28000000000003,383.04,435.32000000000005,481.04,540.76,604.2,646.76,734.04,835.8000000000001,930.84,1041.2400000000002,1151.56,1381.9200000000003,1682.2000000000003,2309.8400000000006,2814.44,3277.1600000000008,3722.76,4296.200000000001,4172.24,4116.240000000001,3808.88,3632.32,3450.7200000000003,3078.32,2782.56,2431.36,2185.6400000000003,1891.68,1579.4,1343.2400000000002,1125.8,982.4000000000001,805.1200000000001,663.32,577.52,530.5600000000001,481.52,453.52,423.76,396.76,369.76,340,321.76,304.52,0.22
283,272,269,273.04,280.88,293.36,318.84000000000003,337.04,379.68,429.68,477.52,539.52,588.36,645.2,729.5600000000001,830.88,920.0000000000001,1020.76,1143.3200000000002,1342.4800000000002,1647.68,2225.5200000000004,2777.8,3118.0800000000004,3698.6800000000003,4173.600000000001,4129.84,3982.0400000000004,3789.5600000000004,3619.48,3432.2400000000002,3070.76,2755.48,2399.04,2149.6000000000004,1873.3600000000001,1567.3600000000001,1323.24,1121.52,968.2800000000001,792.0000000000001,656.88,575.6800000000001,525.84,479.84000000000003,451.84000000000003,422.68,395.52,368.52,339.84000000000003,320.84000000000003,302.84000000000003,0.23
283,271.92,269,267.92,275,289.76,316.8,331.92,377.68,427.36,474.76,536.84,584.44,640.84,721.6,824.6,898.52,1008.52,1122.24,1298.52,1644,2114.88,2757.8,3041.08,3670.08,3907.16,4002.68,3863.04,3737.84,3578.48,3419.88,3058.92,2734.76,2372.76,2115.44,1848.68,1562.72,1312.56,1118.2,953.44,770.12,650.28,573.6800000000001,524.92,478.6,450.28000000000003,420.92,392.92,365.92,338.68,319.92,301.84000000000003,0.24
283,271,269,267,275,287,303,331,374,420,472,535,578,639,717,820,893,1003,1102,1247,1621,2079,2721,2996,3602,3886,3999,3760,3713,3561,3384,3058,2709,2370,2109,1845,1548,1296,1109,947,760,642,570,524,474,442,420,392,365,335,319,300,0.25
282.08,269.15999999999997,269,267,271.32,278.71999999999997,303,323.64,366.64,420,471.08,529.48,577.08,635.3199999999999,715.16,792.4,886.56,993.8,1084.52,1236.8799999999999,1577.76,2032.08,2671.3199999999997,2957.36,3510.9199999999996,3830.7999999999997,3903.3199999999997,3746.2,3588.7999999999997,3541.68,3380.32,2982.56,2688.7599999999998,2348.84,2098.88,1838.56,1542.48,1295.08,1090.6,915.7199999999999,741.5999999999999,636.48,562.64,522.16,473.08,440.15999999999997,419.08,391.08,360.4,335,319,300,0.26
278.64,268.15999999999997,267.32,267,271,273.79999999999995,300.48,323,366,417.48,460.91999999999996,516.4,571.12,627.4399999999999,705.76,788.3199999999999,880.12,993,1082.16,1228.44,1568.96,1989.36,2577.9599999999996,2869.9999999999995,3445.04,3799.96,3882.4,3734.92,3483.0799999999995,3526.56,3357.3199999999997,2943.24,2629.04,2341.96,2082.88,1832.12,1539.48,1251.3199999999997,1056.2399999999998,905.4399999999999,729.0799999999999,628.4399999999999,559.48,522,467.96,439.15999999999997,417.32,386.79999999999995,359.15999999999997,335,316.48,300,0.27
277.24,267.24,265.48,267,267.96,271.48,293.91999999999996,321.48,363.71999999999997,414.71999999999997,452.15999999999997,512.48,564.68,621.4399999999999,700.1999999999999,770.5199999999999,869.8799999999999,971.7199999999998,1072.8799999999999,1191.2799999999997,1539.12,1959.1999999999998,2456.879999999999,2849.44,3394.4799999999996,3764.6,3857.2,3705.64,3453.6,3452.5599999999995,3327.9199999999996,2921.7999999999997,2608.88,2333.4,2073.92,1820.36,1520.7599999999998,1230.84,1046.96,882.7199999999998,713.3199999999999,621.68,558.24,511.3599999999999,465.48,436.71999999999997,410.15999999999997,378.4,352.91999999999996,334.24,315.24,296.2,0.28
277,266.32,264.32,265.64,266.32,269.64,290.64,320.32,357.55999999999995,411.96,445.91999999999996,504.5199999999999,556.1999999999999,618.64,688.8,761.5999999999999,856.1199999999999,963.64,1066.6,1177.96,1469.4799999999993,1950.6399999999999,2422.64,2839.16,3296.3199999999993,3745.48,3820.08,3652.1199999999994,3431.64,3384.4399999999996,3311.84,2904.08,2585.6,2301.7599999999998,2064.52,1805.4399999999998,1506.1599999999999,1218.84,1043.28,873.28,701.52,609.8,556.64,498.4799999999999,462.96,431.91999999999996,405.96,373.96,350.32,333.32,312.96,295,0.29
273.99999999999994,265.4,264,261.99999999999994,263.59999999999997,268.4,288.2,319.4,348.9999999999999,406.79999999999995,442.79999999999995,499.79999999999995,550.5999999999999,616.1999999999999,676.1999999999999,750.3999999999999,848.5999999999999,956.3999999999999,1056.6,1167.9999999999998,1432.6,1950,2372.1999999999994,2818.2,3254.2,3735.6,3789.7999999999997,3607.5999999999995,3421.2,3361.8,3275.5999999999995,2851.7999999999993,2567,2277.2,2059.2,1794,1477.9999999999995,1213.8,1034.1999999999998,859.3999999999999,690.8,602.5999999999999,547.5999999999999,491.59999999999997,462,428.79999999999995,401.4,373,348.79999999999995,328.79999999999995,310.79999999999995,295,0.3
272,263.44,262.96,258.96,260.96,267.48,287,317.96,343.44,404,440.96,497.44,548.48,606.68,670.48,743.48,842.3199999999999,931.1999999999998,1036.9599999999998,1153.6799999999998,1403.08,1912.5599999999997,2338.48,2777.3599999999997,3218.68,3722.12,3735.3199999999997,3555.6,3411.16,3359.44,3172.3599999999997,2815.2799999999997,2537.6,2268.96,2050.2,1786.36,1454.2,1212.48,1023.28,840.5999999999999,686,595.28,542,487.91999999999996,455.76,425.4,396.91999999999996,371.96,347.48,325.48,308.96,291.88,0.31
271.56,262,260.68,256.24,259.56,266.56,286.56,317,341.56,402.24,439.12,494.24,547.56,598.56,668.68,738.5999999999999,837.56,909.36,1019.16,1141.6,1376.6,1869.6399999999999,2300.1599999999994,2749.12,3163.68,3634.2399999999993,3649.2399999999993,3501.7599999999998,3388.04,3347.44,3068.8399999999997,2807.36,2513.36,2267.12,2034.6399999999999,1775.52,1446.56,1208.04,1016.68,824.8399999999999,686,589.12,538.48,486,449.56,422.56,394.12,369.24,345.68,324.56,304.47999999999996,285.91999999999996,0.32
269.91999999999996,261.64,258.28,253.64,258.64,265.64,285.28,316.28,341,396.0399999999999,436.91999999999996,486.2399999999999,543.76,591.5199999999999,664.1199999999999,730.1199999999999,834.4799999999999,904.1999999999999,1004.3599999999999,1125.5599999999997,1362.36,1857.56,2230.0399999999995,2735.3999999999996,3133.64,3529.3199999999997,3571.5599999999995,3464.8399999999997,3363.24,3317.4399999999996,3029.7599999999998,2783.4799999999996,2507.48,2262.04,2019.6799999999998,1748.7199999999998,1445.28,1194.36,1011.76,814.1199999999999,679.5199999999999,588,532.1999999999999,483.84,448.28,420.55999999999995,391.91999999999996,367,342.2,323.28,300,281.28,0.33
267.15999999999997,261,256.15999999999997,251.59999999999997,256.59999999999997,264.44,283.44,314.44,340.44,389,434.15999999999997,475.15999999999997,537.72,579.16,658.16,724.72,821.5999999999998,898.4799999999999,988.16,1105.04,1327.3999999999994,1797.5999999999983,2186.52,2695.9199999999996,3127.68,3518.48,3530.56,3444.44,3339.5599999999995,3284.92,3002.439999999999,2746.44,2483.1199999999994,2254.16,2011.16,1716.8799999999999,1442.32,1176.48,1004.5999999999999,807.5999999999999,663.7999999999998,586.3199999999999,528.4399999999999,478.88,446.44,417.15999999999997,389.71999999999997,365.31999999999994,337.88,319.75999999999993,298.03999999999996,277.4799999999999,0.34
264.8,260.8,252.8,247.60000000000002,252.4,262.6,281.40000000000003,312.6,339,388,432,472.8,535.6,577,655.6,723.4,799.2,890,983.0000000000001,1093.4,1276.4,1649.8,2165,2649.4,3103.4,3502,3511.6,3439.8,3297.2000000000003,3276.8,2943,2744.6,2430.2,2244.6000000000004,2005.6000000000001,1711.2,1437,1169.6,1000.6,803,653,581.6,526.8,475.40000000000003,444.20000000000005,415,388.20000000000005,360,334.40000000000003,314,292.40000000000003,270.6,0.35
263.52,260,247.4,245.88,249.76,261,279,310.88,338.88,384,432,471.76,529.52,576.4,651.84,719.08,795.28,880.9200000000001,969.2,1066.04,1270.88,1642.64,2123.08,2635.16,3058.48,3449.1600000000003,3502,3425.8,3263.84,3270.84,2924.48,2735.6800000000003,2419.28,2213.08,1990.2,1697.1200000000001,1427.0000000000002,1166.2,997.32,798.28,652.88,578.32,525.52,473,440.88,414.88,384.76,355.76,331.64,313.76,290,269,0.36
260,259.68,242.8,244.8,247.96,260.8,278.92,309.72,337.8,383.8,431.92,469.92,525.84,571.76,635.84,705,789.5600000000001,872.96,955.2,1058.88,1246.3600000000001,1595.44,2108.28,2604.28,3039.96,3349.76,3501.08,3415.76,3246.56,3230.6,2905.6,2679.68,2391.48,2198.48,1975.76,1675.88,1382.28,1152.3600000000001,984.36,792.8,651.96,565.92,521.92,472.92,440,413.92,382.96,353.92,328.96,312,289.96,268.96,0.37
260,252.32,238.2,240.2,247.04,256.2,277.08,303.28,333.2,379.2,430.08,468.08,522.16,566.24,632.16,705,779.4399999999999,872.04,936.8,1056.12,1208.6399999999999,1582.56,2091.72,2541.72,3039.04,3229.24,3479.92,3387.24,3213.44,3175.4,2896.4,2626.32,2379.52,2186.52,1947.24,1673.12,1365.72,1137.6399999999999,969.64,788.2,651.04,564.08,520.08,471.08,440,412.08,382.04,352.08,328.04,312,289.04,268.04,0.38
258.24,251.12,238,239.12,246.12,255.12,274.36,302.12,326.84,377.24,423.84,464.48,499.99999999999994,563.36,618.8,701.48,760.52,850.8799999999999,932.48,1053.36,1190.28,1537.12,2083.96,2498.52,3035.48,3218.72,3427.08,3295.3599999999997,3171.52,3168.6,2877.52,2618.72,2369.32,2165.7599999999998,1939.84,1651.8799999999999,1363.24,1135.24,963.72,773.04,648.36,561.36,514.72,469.24,439.12,411.12,376.71999999999997,351.12,327.12,304.96,286.36,267.12,0.39
251.59999999999997,246.2,236.39999999999998,235.79999999999998,245.2,254.2,274,298.79999999999995,325.2,373.79999999999995,417.4,458.4,489.79999999999995,561.4,613,691.4,753.1999999999999,839.1999999999999,927.1999999999999,1041,1185.6,1527,2080.6,2447.3999999999996,2970.9999999999995,3191.6,3358.3999999999996,3207.7999999999997,3148.4,3086.3999999999996,2874.2,2594.7999999999997,2362.4,2160.6,1916.6,1637,1360.6,1135,946.1999999999999,754.1999999999999,630.3999999999999,558.6,510.79999999999995,467.4,437.4,410.2,373.59999999999997,349.4,326.2,303.2,284.4,266.2,0.4
247.84000000000003,243.56,236,235,243.56,254,271.84000000000003,298,325,371.56,411.68000000000006,456.28000000000003,488,554.5200000000001,609.84,684.6800000000001,749.12,836.28,924.5600000000001,1030.8000000000002,1163.4000000000003,1519.52,2067.04,2384.8800000000006,2863.560000000001,3168.44,3325,3158.0400000000004,3141.12,3060.2400000000002,2867.52,2587.56,2357.4,2154.96,1907.4,1623.2,1357.84,1119.88,931.9200000000001,744.24,624.5600000000001,558,507.12,464.12,434.12,407.12,372.28000000000003,348.28000000000003,323.84000000000003,300.12,281.84000000000003,266,0.41
246.36,241.08,236,233.08,243,252.72000000000003,270.36,296.08000000000004,323.72,370.36,409.36,449.6000000000001,486.72,544.32,605.1600000000001,679.1600000000001,745.44,834.72,915.0400000000001,1019.0400000000001,1152.44,1515.08,2058.8,2359.88,2792.1600000000003,3135.1200000000003,3246.960000000001,3121.0400000000004,3124.6400000000003,3048.4,2854.12,2565.2400000000002,2335.5200000000004,2142.12,1893.8400000000001,1590.8400000000004,1341.0000000000002,1098.0000000000002,928,733.0400000000001,620.1600000000001,554.8000000000001,506,462.36,432.36,403.44000000000005,370.72,344.16,319.16,298.36,281,265.36,0.42
246,237.76000000000002,236,231.44,242.44,252,270,293.32,321.88,369.44,408.44,443.20000000000005,486,539.44,600.2,665.8000000000001,742.32,829.52,904.4000000000001,1011.76,1139.24,1505.6000000000001,2050.84,2348.6,2761.36,3112.16,3162.2000000000003,3107,3112.08,3035.7200000000003,2838.48,2541.2400000000002,2319.52,2132.64,1864.6000000000001,1570.52,1311.2800000000002,1085.64,925.76,723.52,616.88,545.72,492.0000000000001,459.76,429.76,402,368.88,340.32,317,295.20000000000005,279.88,263.88,0.43
246,235.04000000000002,234.56,230.52,238.64000000000001,251.04000000000002,268.08000000000004,292,321,366.12,408,440.52,485.04,539,595.6,656.04,737.64,818.32,896.64,1005.6800000000001,1127.1200000000001,1490.3600000000001,2041.68,2333.84,2727.0800000000004,3094.96,3126.52,3106.52,3094.12,3016.56,2826.2,2529.6,2313.12,2115.12,1827.8000000000002,1563.64,1292.6,1079.64,914.4000000000001,718.08,615.52,537.12,477.64000000000004,454.64000000000004,428,401.04,368,339,316.04,292.52,277.56,262.52,0.44
245.6,234,230.20000000000002,229.6,234.6,248.4,265.6,290.8,321,361.8,407.6,438.8,484,535.8,590.2,652.2,728,806.8,892.2,998.2,1121.6,1462.2,2017,2301,2685.8,3031,3099.2000000000003,3094.8,3069.2,3000.8,2786.6,2519.4,2302,2095.4,1804.6,1549.2,1283.2,1076,900,716,611.4,530,472,445.8,422.8,397.2,367.2,338.2,314.6,291.2,275.6,262,0.45
244.68,234,225.68,228.36,233.68,246,264.68,288.68,320.36,359.36,405.72,436.36,481.12000000000006,530.6800000000001,584.08,648,715.8000000000001,801.36,882.3600000000001,986.6400000000001,1115.76,1432.4,1975.8000000000002,2257,2648.4000000000005,2936.0400000000004,3052.92,3075.44,3048,2996.44,2734.36,2504.8,2287.44,2078.1600000000003,1796.8400000000001,1529.48,1265.3200000000002,1075.68,882.8000000000002,712.1600000000001,599.9200000000001,521.76,469,437.04,414.04,390.12000000000006,364.08000000000004,336.36,313.36,289.68,274.36,261.68,0.46
243.76,233.52,225,226.76,232.28000000000003,245.04000000000002,263.28000000000003,287.76,318.52,357.76,402.52,434.76,474.76,529.52,579.76,643.6800000000001,707.08,797.1200000000001,863.52,970.28,1106.2,1422.5200000000002,1933.5200000000004,2231.36,2604.52,2898.08,3039.52,3065.6800000000003,3025.2400000000002,2988.84,2729.64,2495.12,2281.52,2048.6800000000003,1783.44,1516.2400000000002,1243.48,1073.56,857.8000000000001,703.76,584.84,516.52,468.76,435,411.76,383.28000000000003,359.76,334.52,312,289,272.28000000000003,260.52,0.47
243,231.84,224.68,225.84,229.84,241.84,260.84000000000003,286.68,316.20000000000005,356.68,399.88,432.40000000000003,473.84000000000003,526.72,578.36,627.9200000000001,700.6800000000001,787.36,860.72,967.52,1090.68,1393.5200000000002,1870.0400000000002,2196,2570.5600000000004,2884.48,3033.2000000000003,3049.76,3006.04,2979.76,2711.48,2485.68,2278.88,2032.92,1766.92,1497.68,1225.2,1066.28,854,702.52,578,512.76,468,434.84000000000003,410.04,380.68,358.36,332.68,311.84000000000003,288.36,270,259,0.48
242.92000000000002,231,222.92000000000002,225,228.84,240.84,259.92,285,311.92,354.76,393.76,423.92,472.6,519.44,574.76,616.28,699,783.52,852.8000000000001,964.52,1088.6,1345.4,1834.0800000000002,2148.08,2499.76,2844.28,3004.88,3036.16,2998.92,2962.08,2671.84,2483.44,2267.48,2019.2,1755.92,1494.72,1220.68,1051.68,853.28,699.44,577.84,500.84000000000003,467.84000000000003,433.84000000000003,405,378.84000000000003,354.84000000000003,330.92,310.92,285,269.92,258.92,0.49
242,231,222,225,227,239,259,285,311,352,391,423,468,513,572,608,699,778,839,959,1084,1304,1720,2080,2497,2836,2969,3015,2975,2894,2670,2477,2204,1987,1755,1480,1217,1048,845,693,576,499,466,432,405,377,353,330,310,285,269,258,0.5
240.16,230.07999999999998,222,223.16,227,239,258.08,283.15999999999997,310.08,351.08,388.24,423,466.15999999999997,508.4,567.4,607.08,697.16,756.8399999999999,836.24,926.8,1083.08,1292.04,1697.92,2069.88,2484.12,2814.84,2967.16,3013.16,2973.16,2888.48,2663.56,2441.12,2192.96,1987,1741.2,1464.36,1217,1027.76,835.8,690.24,567.72,497.15999999999997,461.4,426.48,399.48,373.32,346.56,329.08,306.32,283.15999999999997,267.15999999999997,255.24,0.51
238.32,226.64,221.16,222.16,227,239,257.15999999999997,281.32,308.32,350.15999999999997,386.32,421.32,466,504.64,566.16,606.16,689.4399999999999,754.16,834.3199999999999,924,1080.48,1289.32,1625.4399999999996,2062.2799999999997,2467.88,2687.8399999999997,2947.68,2989.48,2967.12,2858.6,2616.7999999999997,2423.72,2179.4,1977.76,1704.7199999999998,1457.12,1200.1999999999998,1021.8,834.16,666.4799999999999,553.56,493.64,451.76,425.15999999999997,395.64,367.96,346,323.12,306,282.15999999999997,267,254.16,0.52
235.71999999999997,224.48,218.71999999999997,221.24,226.24,239,257,277.2,305.71999999999997,347.71999999999997,384.48,419.48,465.24,502.48,563.72,604.48,686.48,753.24,828.68,913.3599999999999,1051.8799999999999,1282.92,1570.1999999999998,2026.7999999999997,2447.52,2660.2,2845.1999999999994,2963.72,2964.48,2808.16,2585.96,2402,2175.48,1961.56,1692.68,1433.1999999999998,1192.44,1016.4399999999999,831.72,654.4,546.4399999999999,493,449.24,420.43999999999994,391.96,358.63999999999993,339.15999999999997,315.91999999999996,297.63999999999993,281.24,266.24,252.48,0.53
234.32,223.32,217.32,220.32,225.32,236.27999999999997,256.32,275.32,303.64,344.96,381.96,418.32,464.32,502,559.5999999999999,602.64,681.92,750.96,822.92,890.2799999999997,1040.28,1278.96,1541.36,1984.7199999999998,2431.7999999999997,2627.72,2783.3999999999996,2897.8399999999992,2963.32,2723.959999999999,2564.72,2378.3199999999997,2170.92,1922.9999999999995,1648.1599999999996,1417.84,1184.1999999999998,1004.1199999999999,823.52,650.64,543.64,492.32,448.32,418.32,385.55999999999995,353.96,335.64,312.64,292.96,280.32,263.96,249.95999999999998,0.54
232.8,223,215.8,219.4,223.8,233.8,255.4,272,303,344,380.4,417.4,461,500.2,557.4,599,680,750,818.6,880.4,1028.8,1277.4,1532.2,1968.2,2413.2,2581.2,2760.6,2811.7999999999997,2939,2650.2,2523.7999999999997,2334,2110.7999999999997,1898.6,1622,1391.2,1164.8,989.4,811.6,638.6,541.8,487.8,446.8,416.2,382.4,351.8,333.2,312,292,277.6,263,248.4,0.55
230.95999999999998,221.95999999999998,214.48,214.31999999999996,221.44,233,252.39999999999998,269.48,303,342.96,378.44,416.48,457.44,498.48,554.92,597,678.96,745.3199999999999,809.1999999999999,874.28,1003.2799999999999,1208.8799999999997,1496.1599999999999,1954,2354.6,2558.44,2738.3599999999997,2770.92,2901.68,2609.48,2486.44,2302.2,2062.64,1886.76,1609.1599999999999,1351.56,1146.2,981.96,790.92,626.8399999999999,541,482.91999999999996,446,411.35999999999996,381.48,351,332,311.48,289.91999999999996,274.44,261.44,248,0.56
229.56,220.56,213.56,209.56,219.56,231.68,249.56,267.68,303,338.92,376.56,414.68,452.48,497.12,551.6800000000001,596.56,678,740.12,801.12,868.12,985.12,1136.76,1448.16,1940.24,2291.84,2461.9600000000005,2713.76,2750.52,2842.84,2594.36,2469.92,2286.2,2048.7200000000003,1873.52,1572.4,1329,1137.68,973.08,771.72,622.12,540.56,478.36,443.36,407.56,379.24,350.56,331.56,311,288,272.56,258.68,247.56,0.57
229,220,213,208.64,218.28,229.64,249,265.64,301.92,331.76,375.28,413,447.64,495.28,549.64,595.28,676.92,737.2,799.28,866.64,979.32,1122.48,1419.3600000000001,1936.56,2240.12,2330.92,2690.12,2709.7200000000003,2776.8,2570.12,2460.6,2270.32,2030.48,1843.48,1533.48,1320.3600000000001,1133.12,961.2,760.32,616.6800000000001,539.28,474.64,438.56,407,375.92,349.64,329.92,309.56,287.64,270.56,257,245.56,0.58
228.16000000000003,219.72,211.04000000000005,207.44,216.16000000000003,229,247.60000000000002,262.76000000000005,299.16,325.44,372.6,411.32000000000005,446.72,493.44,548.72,594,671.6400000000001,732.88,796.6,865.72,966.5200000000001,1112.68,1401.48,1923.6400000000003,2181.96,2309.36,2627.840000000001,2668.0800000000004,2734.0000000000005,2529.36,2442.04,2251.92,2006.3600000000001,1800.2800000000002,1527.6000000000001,1299.4,1126.04,957.72,751.44,609,536.88,473.44,435.16,405.04,373.16,347.04,327.16,307,286.44,268,257,242.44,0.59
225.4,218.8,205.8,205.8,213.8,228.60000000000002,243.20000000000002,257,296.8,323.40000000000003,368.8,406.20000000000005,446,491.8,547,594,662.8,728,792,864.6,952.4000000000001,1097.6000000000001,1389.2,1891.4,2162.6000000000004,2299,2515.2000000000003,2638.6,2691.2000000000003,2518.8,2417.8,2219.8,1993.2,1778,1523.6,1283.6000000000001,1120.4,957,748.6,607.6,533.8,471.6,432.6,399.8,370.8,342,324.40000000000003,306.40000000000003,283.6,267.40000000000003,257,241,0.6
222.76,217.52,204.88,204.88,212.64000000000001,226.64000000000001,239.52,257,295.52,321,367.52,402.88,445.40000000000003,490.52,542.88,593.28,661.76,720,787.64,860.96,941.88,1091.28,1362.76,1853.8800000000003,2131.7200000000003,2282.76,2485.2400000000002,2625.6800000000003,2660.52,2509.6800000000003,2408.56,2194.28,1977.04,1755.8400000000001,1521.52,1278,1116.68,954.96,740.72,601.88,533,469.76,430.64,398.76,369.64,341.76,321.88,303.40000000000003,278,264.88,256.40000000000003,240.88,0.61
220.96,213.96,203.96,204,210,224,235.88,256.96,291.84000000000003,320.92,363.88,401.96,440.92,487,541.88,588,659.84,719.6,784.8,845.84,940.96,1085.52,1337.6000000000001,1738.1200000000001,2084.84,2192.84,2464.56,2568.7200000000003,2633.68,2476.04,2373.92,2185.92,1969.72,1739.6,1517.08,1277.64,1106.56,939.44,723.8,600.96,532.88,467.96,427.84000000000003,396.96,366.92,340,320.96,298.96,277.96,263.88,251.64000000000001,239.84,0.62
220.04,213.04,203.04,204,210,224,233.12,256.04,288.15999999999997,319.08,361.12,401.04,439.08,487,539.12,588,656.16,710.4,780.2,842.16,940.04,1074.48,1305.3999999999999,1625.8799999999999,1897.1599999999999,2189.16,2454.44,2493.2799999999997,2603.32,2430.96,2326.08,2115.08,1963.28,1730.4,1495.92,1269.36,1096.44,926.56,719.2,600.04,530.12,467.04,424.15999999999997,396.04,365.08,340,320.04,298.04,277.04,261.12,243.35999999999999,236.16,0.63
220,213,201.24,202.24,209.12,223.12,231.24,252.48,284.48,314.59999999999997,360.12,399.24,437.24,481.71999999999997,535.48,587.12,654.24,708.24,774.72,835.84,933.84,1071.36,1236.2399999999998,1492.5199999999995,1831.7999999999997,2186.36,2319.3599999999997,2391.4399999999996,2551.8399999999997,2420.2,2264.16,2092.64,1957.72,1729.12,1493.24,1261.96,1095.12,899.5999999999999,715.48,592.0799999999999,525.6,465.24,423.12,393.36,363.24,339.12,318.24,294.48,273.48,261,243,234.24,0.64
219.2,212.2,201,201.2,207.39999999999998,219.79999999999998,231,251.2,282.4,313.2,359.2,397.4,434.59999999999997,481,531.8,584.6,643.5999999999999,702.4,770.8,834.2,926.5999999999999,1063,1208.6,1474.2,1798.3999999999999,2171.6,2279.4,2375.6,2505,2400.6,2238.4,2088.4,1907.3999999999996,1694.6,1492.2,1248.1999999999998,1091,892.8,697.3999999999999,584.5999999999999,522.6,462.59999999999997,422.2,393,363,338.2,317.2,292.4,273,259.4,242.2,231.6,0.65
217.56,210.56,201,201,205.56,217.56,231,251,279.84,312.28,359,397,429.68,475.96,526.68,582.56,638.12,698.12,755.5999999999999,831.12,922.84,1041.56,1187.44,1466.8,1749.5199999999998,2060.72,2264.64,2375,2473.4,2382.32,2213.84,2049.8399999999997,1892.84,1675.2,1484.8,1241.4,1088.56,890.56,693,580.84,512.64,460.56,422,392.28,361.56,337.28,314.12,291.28,273,257.56,240.56,230.28,0.66
217,206.79999999999998,201,200.35999999999999,203.72,216.35999999999999,229.72,251,278.36,312,358.36,395.08,427.36,473.36,524.36,579.4399999999999,632.52,695.08,745.52,826.8,920.72,1027.6,1163.08,1424.3199999999997,1728.52,1988.9199999999998,2232.8399999999997,2359.64,2402.9199999999996,2369.96,2204.72,2022.84,1857.4399999999998,1665.24,1464.7199999999998,1234.8799999999999,1086.08,888.72,685.9599999999999,571.04,508.36,454.88,420.08,388.15999999999997,359.71999999999997,336.36,312.36,289.71999999999997,272.36,256.36,240,229.35999999999999,0.67
216.44,205,200.44,199.44,201.32,213.76,228.44,250.44,275.2,310.32,358,394,425.32,472.44,522.88,576.88,629.4399999999999,691.1999999999999,742.4399999999999,821.0799999999999,906.5599999999998,1020.64,1137.8799999999999,1382.3999999999999,1709.7599999999998,1966.96,2206.92,2339.24,2349.52,2364.88,2195.6,1989.1199999999997,1824.56,1638.4799999999998,1447.72,1224.72,1080.52,883.52,678.0799999999999,565.4399999999999,497.3599999999999,450.88,418.44,386,357.32,334.88,312,289,271.44,255.44,239.44,227.88,0.68
214.08,204.52,200,199,200,211.52,227.04000000000002,247.60000000000002,272.04,309,352.24,393.52,420.64000000000004,471.52,514.8000000000001,572.64,627.08,687.5600000000001,740.5600000000001,812.72,895.52,1017.04,1112.0800000000002,1300.2800000000004,1587.5600000000006,1896.2800000000004,2159.6400000000003,2308.4,2325.4,2318.4,2173.1600000000003,1962.72,1778.9600000000003,1602.72,1437.2,1214.2,1045.3200000000002,871.36,674.04,562.6,488.04,449.04,417.04,385.52,356,333.04,311.04,288.04,271,255,238.04000000000002,226.04000000000002,0.69
212,204,199.6,198.6,200,211,224.8,244.6,271,307,343.20000000000005,387.4000000000001,414.6,468.20000000000005,507,566.6,624.2,686,738.2,803.4000000000001,887.8000000000001,1009.2,1096.6,1202.0000000000002,1457.4,1801.2000000000003,2110.2000000000003,2276.6,2294.2000000000003,2259.8,2155.6,1941.8000000000002,1740.2,1582,1419.6000000000001,1204.2,1003.4000000000001,855.2,672.6,560,486.6,448,414,384.2,353.6,331.2,309.6,286.6,270.6,253.00000000000003,236.6,224.6,0.7
211.04000000000002,203.36,199,197.36,200,209.72000000000003,222.36,242.4,270.68,303.68,338.04,378.36,410.36,463.04,507,563,621.08,685.68,737,797.04,876.68,995.8000000000001,1094.72,1156.92,1439.68,1766.36,2088.1600000000003,2235.5200000000004,2237.7200000000003,2231.92,2123.0000000000005,1916.1200000000001,1737.4,1563.9600000000003,1392.3600000000001,1195.4,991.04,832.2000000000002,671.68,559.36,485.68,445.76000000000005,410.68,381.72,349.68,328.40000000000003,308.68,285.68,269.36,250,235.68,223.68,0.71
209,201.76,199,196,200,206.52,220.76,238.28,269.28000000000003,301.56,335.52,376.28000000000003,408.52,460.52,506.76,561.8,616.28,684.28,735.32,793.8,875.76,987.5600000000001,1091.28,1142.32,1391.4800000000002,1731.4000000000003,2053.88,2135.1600000000003,2180.4,2193.12,2049,1896.8000000000002,1731.3600000000001,1527.44,1374,1187.68,988.76,794.9200000000001,664.2800000000001,557.28,484.04,440.76,410,378.76,347.8,324.52,307.04,284.28000000000003,268,249.76,234.52,223,0.72
208.84,200.84,198.68,195.84,200,204.84,220,235.84,266.52,296.52,333.52,373.84000000000003,406.36,458.04,504.88,557.04,614,682,729.84,789.6800000000001,872.6,982.2,1083.5600000000002,1136.68,1240.04,1624.84,2017.16,1993.6400000000003,2167.88,2140.0400000000004,2019.4400000000003,1853.08,1716.44,1511.56,1370.96,1168.72,983.0400000000001,758.6800000000001,641.24,553.88,480.84000000000003,438.40000000000003,409.52,377.20000000000005,343.68,322.84000000000003,304,281.84000000000003,268,248.84,232.84,222.84,0.73
207.92000000000002,200,196.92000000000002,194.84,199.84,204,219.76,234.92000000000002,263.92,293.84000000000003,330.44,372.84000000000003,403,452.76,498.52,551.92,612.8000000000001,681.2,728.36,787.12,859.6800000000001,974.6400000000001,1054.6,1134.76,1234.28,1621.04,1962.5600000000004,1911.64,2157.44,2007.4,1961.04,1840.28,1681.52,1502.96,1353.8,1138.76,953.0000000000001,735.6800000000001,631.92,547.28,479.04,429.76,406.20000000000005,372.20000000000005,341.84000000000003,321.84000000000003,304,281,267.92,247.68,231.76,221.92000000000002,0.74
207,200,196,193,198,204,217,234,263,292,324,371,403,450,493,551,599,672,721,777,856,936,1050,1132,1226,1587,1808,1896,2105,1989,1927,1809,1676,1491,1340,1113,907,732,631,539,468,427,397,363,340,320,304,281,267,244,229,221,0.75
206.07999999999998,199.07999999999998,195.07999999999998,193,198,203.07999999999998,215.16,231.24,261.15999999999997,292,324,368.24,398.4,447.24,492.08,550.08,590.72,665.56,710.88,773.3199999999999,854.16,935.08,1024.24,1107.1599999999999,1204.84,1573.2,1792.36,1765.3599999999997,1906.2799999999997,1892.3999999999999,1921.48,1794.28,1662.2,1462.48,1261.8,1092.76,901.48,723.72,588.68,527.96,464.32,426.08,397,359.32,337.24,317.24,304,280.08,261.48,240.32,229,221,0.76
203.48,198.16,194.16,193,197.16,201.32,211.64,230.16,261,291.15999999999997,323.15999999999997,366.32,397.15999999999997,446.15999999999997,492,544.96,589.16,662.48,708.3199999999999,769.64,853.16,918.1999999999999,992.5999999999999,1100.8,1166.8799999999999,1482.9599999999996,1701.1199999999997,1753.16,1878.08,1841.9999999999998,1884.8799999999999,1783.76,1659.32,1452.44,1251.6399999999999,1079.24,898.48,719.64,579.12,516.92,460.64,425.15999999999997,392.79999999999995,359,337,316.15999999999997,297.28,276.64,258.48,240,226.48,221,0.77
200.72,196.48,193.24,193,196.24,201,210.24,229.24,257.96,289.48,320.71999999999997,363.71999999999997,397,444.48,485.15999999999997,541.72,587.48,660.48,708,767.48,852.24,912.72,975.6,1072.6399999999999,1159.24,1404.4399999999998,1563.9199999999998,1737.8,1802.2799999999997,1809.6799999999998,1757.1599999999999,1722.7199999999998,1640,1435.04,1238.84,1073.96,892.68,712.92,576.48,512.72,458.48,424.24,385.91999999999996,355.2,333.2,315.24,292.2,272.96,257.24,239.24,225.24,220.24,0.78
200,195.32,193,191.64,195.32,198.27999999999997,209.32,228.32,255.64,282.88,317.28,363,397,438.55999999999995,480.28,540.32,583.6,651.8399999999999,689.6399999999999,765.64,837.04,907.92,961.8,1061.96,1158.32,1334.6799999999998,1496.7599999999998,1731.64,1735.4799999999998,1794.52,1711.52,1655.0399999999997,1580.2799999999997,1428.64,1232.28,1070.28,886.24,687.8799999999999,572.6,504.52,455.96,420.59999999999997,384,351.28,329.96,312.96,288.96,271.32,253.6,236.27999999999997,225,215.92,0.79
199.4,195,191.79999999999998,189.79999999999998,195,196.4,206.59999999999997,226.79999999999998,252.59999999999997,278.8,315.4,356.3999999999999,395.8,433.59999999999997,477.2,540,581.4,647.4,679.1999999999999,765,817.3999999999999,869.9999999999997,955.8,1059.8,1133.3999999999999,1273.7999999999997,1419.9999999999995,1700.9999999999998,1703,1787.3999999999999,1705,1604.3999999999999,1550.8,1403.3999999999999,1223.8,1061.2,870.1999999999999,675.1999999999999,568.6,499.8,452.59999999999997,416.59999999999997,381.59999999999997,349.4,328.4,310.2,287.4,268.59999999999997,250.79999999999998,234.4,224.4,213.4,0.8
199,195,191,188.48,194.48,196,203.95999999999998,226,246.83999999999997,275.91999999999996,313.44,350.96,393.96,431.48,474.44,536.88,581,640.24,673.3199999999999,753.56,808.48,842.88,951.36,1056.92,1114.92,1227.6799999999998,1376.44,1661.76,1693.96,1729.8799999999997,1699.8799999999999,1562.08,1497.0399999999997,1366.7199999999998,1188.3199999999997,1050.28,855.8,674,561.28,493.79999999999995,450.48,413.96,376.35999999999996,347.44,328,308.48,285.44,266.48,249.48,231.39999999999998,221.92,208.83999999999997,0.81
198.56,194.56,190.56,187.56,193.56,195.56,202.56,225.12,240.80000000000004,274,310.68,348.24,390.8,430.56,467.7200000000001,532.24,578.36,623.0000000000001,666.8000000000001,736.4000000000001,804.0400000000001,838.6800000000001,927.7600000000002,1043.5600000000002,1108.16,1198.7600000000002,1349.0400000000004,1620.2400000000002,1678.4800000000002,1638.5200000000004,1642.8800000000008,1530.7600000000002,1446.92,1337.44,1150.7600000000002,1026.5200000000002,834.7200000000003,659.0400000000002,554.24,487.68,446.92,411.24,372.56,345.56,328,305.8,283.12,265.56,247.24,228.12,218.24,204.12,0.82
197.64000000000001,193.64000000000001,190,185.92000000000002,193,194.28,202,222.56,238,273.64,309,345.64,388,428.56,458.48,521.3600000000001,575,607.2,658.96,725.48,790.7200000000001,836.28,901.28,1005.6000000000003,1095.52,1185.92,1305.2,1582.0800000000002,1599.8800000000008,1581.24,1542.6800000000003,1504.6000000000001,1433.64,1304.9200000000003,1136.84,997.24,807.5200000000001,636.76,549.84,479.88000000000005,437.96000000000004,402.88000000000005,372,344.28000000000003,327.28000000000003,302.28000000000003,281.64,264.28000000000003,244.28,227,215.64000000000001,202.64000000000001,0.83
196.44,192.44,190,183.44,191.60000000000002,192.72,202,219.44,237.72,271.88,307.04,342.20000000000005,387.44,425.44,453.16,504.6,572.76,603.72,650,719.32,774.04,832.2,894.4000000000001,963.16,1076.44,1183.72,1271.44,1535.2400000000002,1486,1550.2800000000002,1485.32,1459.1200000000001,1400.4800000000002,1264,1130.76,973.0000000000001,791.24,630.44,542.08,467.88,426.76,391.72,371.16,342.72,325.72,300.44,280.72,262.44,243,227,214.72,202,0.84
194.8,190.8,189.8,181.4,187.8,191.8,201.6,218,236.8,268.8,300.8,334.6,384.40000000000003,422.8,450.8,500.40000000000003,562.2,603,649.4,713.6,765,824,879.8,960.4,1051.4,1165.8000000000002,1232.4,1430.8000000000002,1467.8,1472.0000000000002,1463.0000000000002,1406.4,1350.4,1245,1118.6000000000001,937,775.8000000000001,619.4000000000001,521.6000000000001,462.20000000000005,420.2,390.6,368.2,341.40000000000003,322.00000000000006,297.20000000000005,278.8,260.6,242.8,227,214,201.8,0.85
193.16,189.88,188.88,178.88,186.04000000000002,190.88,200,217.64000000000001,236,267.76,295.64,332.4,377.76,417.28000000000003,449.76,497.76,542.76,599.76,645.5600000000001,706.92,748.76,818.44,876.96,957.28,1028.76,1096.76,1221.32,1346.76,1461.3600000000001,1368.76,1385,1396.04,1311.24,1226.6000000000001,1084,932.6800000000001,755.2,576.6800000000001,479.52,448.6,416.76,388.76,364.4,338.52,309.76,289.88,273.76,259,241.4,226.76,213.52,201,0.86
187,188.84,187.84,178,178.96,189.92000000000002,199.92000000000002,214.84,235.96,266,292.92,328,376,411.92,447.96,495.8,540.96,576,634.6,698.64,746.52,806.4,861.48,950.12,1027,1094.92,1186.28,1322.88,1419.6,1344.96,1338.0800000000002,1365.88,1246.52,1120.76,1017.64,899.64,696.32,544.84,475.76,430.96,414.8,386.84000000000003,359.8,334.92,307.96,288.8,271.88,259,237,225,210,200.88,0.87
187,185.16,184.16,178,178.04,188.07999999999998,198.07999999999998,211.16,235.04,266,291.08,328,376,410.08,447.04,491.2,540.04,576,625.4,690.36,735.48,792.6,849.52,906.88,1027,1093.08,1169.72,1320.12,1410.4,1344.04,1270.9199999999998,1340.12,1235.48,1115.24,1009.36,868.36,657.68,541.16,470.24,430.04,410.2,383.15999999999997,355.2,333.08,307.04,284.2,269.12,259,237,225,210,198.12,0.88
187,177.95999999999998,172.56,177.12,176.24,181.84,194.48,208.35999999999999,234.12,259.84,291,323.6,372.48,409.12,446.12,489.24,532.08,565.4399999999999,618.84,668.88,728.84,784.08,838.4399999999999,900.6,970.68,1060.44,1164.6,1284.8,1358.96,1320.24,1256.56,1324.04,1153.1599999999999,1083.32,997.56,793.0799999999999,647.2,539.24,463.84,420.32,393.28,366.28,340.03999999999996,323.32,303.48,283.12,268.12,252.84,235.24,223.24,210,198,0.89
185.4,176.2,168.6,172.2,172,178.6,191.6,204,234,258.2,288.59999999999997,323,367.2,408.2,444.4,479.4,518.1999999999999,549.5999999999999,600.4,666,724,779.8,818.5999999999999,896,963,1052.8,1145.6,1252.8,1304.8,1296.2,1228.6,1208.3999999999996,1140.4,1068.6,967.1999999999999,781.4,635.6,523,459,418.2,386.2,358.4,338,321.2,301.4,281.4,267.2,250.4,233.4,223,206.79999999999998,197.2,0.9
184.28,173.84,167.28,168.12,168.84,176.56,191,203,229.67999999999998,257.28,285.84,322.28,361.68,407.28,441.84,475.56,512.12,538.0799999999999,595.28,666,715.0799999999999,747.3199999999999,799.5999999999999,879.16,947.88,1047.68,1131.6399999999999,1230.8799999999999,1234.6799999999998,1237.7199999999998,1209.04,1174.96,1126.32,1036.4799999999998,932.6399999999999,781,609.2399999999999,503.87999999999994,457.28,414.4,382.12,353.4,336.56,318.12,299.56,279.56,260.52,242.79999999999998,232.28,221.56,206,197,0.91
184,172.35999999999999,167,165.72,166.07999999999998,174.07999999999998,190.35999999999999,201.07999999999998,227.35999999999999,255.07999999999998,279.88,322,356.15999999999997,405.71999999999997,439.71999999999997,473.71999999999997,494.3599999999999,530.52,593.08,659.5999999999999,698.56,731.8,792.08,870.4399999999999,937.52,1027.4399999999998,1105.6,1215.3999999999999,1203.04,1201.6399999999999,1196.32,1121.7999999999997,1040.9999999999995,984.0399999999997,831.7599999999994,703.5599999999995,573.7599999999999,495.44,449.96,409.79999999999995,369.4799999999999,341.75999999999993,318.07999999999987,299.7199999999999,288.75999999999993,272.59999999999997,251.59999999999997,238.72,228.15999999999997,220.35999999999999,204.72,195.72,0.92
183.44,170.88,166.44,163.88,163.88,173,188.88,198.88,225.32,251.76,276.44,319.76,351.2,401.08,439,462.9199999999999,483.32,524.0799999999999,588.0799999999999,654.88,687.0799999999999,722.7199999999999,789.3199999999999,866.1999999999999,924.92,988.4399999999998,1086.28,1162.9599999999996,1180.08,1164.4399999999998,1147.7599999999998,1071.1599999999999,990.4,930.7599999999998,727.7999999999996,590.5599999999995,501.3199999999996,455.91999999999973,420.79999999999984,388.95999999999987,350.1199999999999,329.84,306.88,289.44,279.64,266.76,247.44,235.2,220.95999999999995,210.47999999999993,201.2,193.32,0.93
181.56,169.04000000000002,164.08,162.04000000000002,162.52,169.64000000000004,181.76000000000008,193.68000000000004,222.56,245.68000000000004,270.72,307.4400000000001,344.20000000000005,395.6,435.16,447.80000000000007,477.20000000000005,510.92000000000013,576.84,641.0400000000001,681.12,715.08,781.2800000000001,858.72,903.5600000000002,963.6,1079.56,1102.4800000000002,1128.0800000000004,1139.1200000000001,1096.68,1005.0400000000005,985.52,871.4800000000004,677.3600000000001,528.32,456,423.12,398.6,369.68000000000006,339.52,324.52,305.52,286.6,273.64000000000004,262.6,245.56,232.04000000000002,216.52,202.04000000000002,197.08,191.52,0.94
176.80000000000004,164.80000000000004,157.20000000000005,160.20000000000002,160.00000000000003,162.40000000000003,171.40000000000003,187.8,214.20000000000007,237.00000000000003,261.8,294.40000000000003,339,391.40000000000003,415.8000000000002,435.20000000000005,466.80000000000007,497.20000000000005,564,619.0000000000001,674.8000000000001,713,769.6,853,888.6,949.8000000000001,1056.4000000000003,1067.8000000000002,1084.6000000000001,1116.4,1074.2,951.6,908.6000000000008,792.6000000000004,649.6000000000001,519.2,446.0000000000001,420,391.20000000000005,362.20000000000005,338.2,323.6,304.6,283.2,270,253.60000000000008,237.60000000000008,227.40000000000003,212.00000000000003,200.6,195,189.8,0.95
167.84000000000003,158.72000000000003,149.68,158.36,154.44000000000003,152.52000000000004,165.68,186,201.12000000000003,228.76000000000002,256.04,288.48,334.84000000000003,380.68000000000006,386.2800000000001,425.44000000000005,458.36,492.68,558,604.44,667.12,709.8000000000001,756.2800000000001,830.9200000000002,870.7200000000001,931.72,993.6000000000004,1006.3200000000005,1018.2800000000007,1025.2400000000007,1017.4000000000005,942.6800000000001,789.2,692.9600000000004,585.8400000000004,494.96000000000026,429.72,410.4000000000001,376.32000000000005,357.36,333.8,322.36,303.36,281.04,267.76000000000005,242.08,227.36,219.44000000000003,205.68,198.4,193.4,186.72000000000003,0.96
152.04000000000008,148.08000000000007,141.32000000000008,149.5600000000001,144.44000000000005,142.28,164.76,184.32000000000002,194.04000000000002,222.8,249.68000000000004,275.96000000000004,313.04000000000013,353.4000000000001,371.76,419.76,452.92,487.20000000000005,537.6000000000003,578.8400000000001,636.2800000000002,677.5600000000003,718.2400000000002,768.6400000000001,821.5200000000001,916.5200000000001,914.6000000000001,896.84,884.52,892.08,906.48,902.9200000000002,770.1200000000001,606.88,500.8400000000001,436.1600000000001,412.1200000000002,376.32000000000016,349.2000000000001,341.3600000000001,317.1600000000001,309.0000000000001,293.36000000000007,273.24000000000007,257.72,235.60000000000002,223.84000000000003,211.60000000000002,203.56,193.08,187.36,178.48000000000005,0.97
129.52,122.68,116.36000000000001,125.36000000000001,129.20000000000002,139.20000000000002,161.28000000000003,176.76000000000002,190.68,215.00000000000006,233.44000000000003,257.12,270.88,319.16,366.0400000000001,415.16,434.40000000000003,461.7600000000001,464.36000000000007,505.2400000000001,547.1200000000001,588.2,634.3600000000001,711.5200000000001,772.2400000000001,859.8800000000002,856.2000000000002,867.32,874.5200000000001,875.2800000000001,877.8000000000001,830.6,736.5600000000001,589.8000000000001,471.8,404.52,363.08000000000004,331.40000000000003,312.28000000000003,292.12,282.48,268.44000000000005,261.84000000000003,250.68000000000004,237.48000000000005,224.16000000000003,213.48000000000005,201.60000000000002,195.48000000000005,183.00000000000006,175.16000000000003,158.12000000000003,0.98
125.72000000000001,120.2,113,120.80000000000001,123.48000000000002,134.92,146.76,165,188.84,193.84,219.44,241.52,263.8,297.48,338.24,389.4000000000001,400.0400000000001,406.16,418.84,453.84,488.72,538.24,585.24,659.08,711.6400000000001,760.0800000000002,781.4000000000001,838.5600000000001,825.0400000000001,817.96,818.92,816.96,707.6,551.36,453.16,399.20000000000005,351.32,321.56,296.56,276.04,263.04,253.64000000000001,239.12,227.44,218.28,203.68,194.76,188.20000000000002,176.28,161.84,154.20000000000002,142.52,0.99
111,111,113,107,106,134,144,165,187,192,213,236,250,280,318,325,343,385,417,452,474,495,542,568,604,646,694,730,768,806,818,805,703,544,432,367,332,305,280,265,252,238,229,221,210,200,192,179,168,160,145,137,1