year,month,waterMonth,waterYear,flowMean,flowMin,flowMax,flowMedian,flowChange,volume,flowMeanVariance,flowMeanCalMonthExceedance
1924,10,1,1924,112,100,127,111,26,301,-0.8098471986417657,1
1924,11,2,1924,154,128,191,145,63,399,-0.6,0.99
1924,12,3,1924,276,193,440,271,247,738,-0.041666666666666664,0.9646137787056368
1925,1,4,1924,693,418,1183,596,672,1855,1.899581589958159,0.39574468085106385
1925,2,5,1924,1194,1108,1437,1151,324,2888,3.3260869565217392,0.3386847599164927
1925,3,6,1924,1926,1384,3452,1493,2053,5159,3.4583333333333335,0.6197651775486827
1925,4,7,1924,3199,3004,3441,3169,-293,8291,3.4492350486787204,0.38494252873563223
1925,5,8,1924,2214,1589,3021,2162,-1432,5930,0.643652561247216,0.511042654028436
1925,6,9,1924,1178,835,1551,1135,-717,3054,-0.5345713156854998,0.5
1925,7,10,1924,521,350,819,486,-469,1394,-0.824283305227656,0.52
1925,8,11,1924,277,229,341,274,-111,741,-0.8751689950428121,0.9113725490196078
1925,9,12,1924,202,189,229,200,-39,525,-0.8320864505403158,0.9377070063694267
1925,10,1,1925,171,159,189,169,-30,459,-0.7096774193548387,0.925625
1925,11,2,1925,200,163,287,190,104,518,-0.4805194805194805,0.9014285714285715
1925,12,3,1925,333,267,422,329,156,892,0.15625,0.8339506172839506
1926,1,4,1925,495,427,583,489,145,1326,1.0711297071129706,0.8697058823529412
1926,2,5,1925,733,572,971,704,400,1773,1.6557971014492754,0.821717791411043
1926,3,6,1925,2626,1025,4501,2077,3328,7035,5.078703703703703,0.3906976744186041
1926,4,7,1925,3962,3496,4415,3938,-809,10268,4.510431154381084,0.23073684210526313
1926,5,8,1925,2508,1678,3467,2450,-1789,6718,0.8619153674832962,0.3275675675675674
1926,6,9,1925,1196,819,1646,1149,-826,3099,-0.5274595021730542,0.47904761904761917
1926,7,10,1925,550,414,779,517,-366,1472,-0.8145025295109612,0.4860000000000003
1926,8,11,1925,335,271,403,332,-132,896,-0.8490310950878774,0.65
1926,9,12,1925,235,201,271,230,-70,608,-0.8046550290939318,0.770655737704918
1926,10,1,1926,199,195,201,200,0,533,-0.6621392190152802,0.75
1926,11,2,1926,218,199,284,202,83,564,-0.43376623376623374,0.7815000000000001
1926,12,3,1926,427,299,609,420,252,1143,0.4826388888888889,0.442063492063492
1927,1,4,1926,645,563,892,578,329,1726,1.698744769874477,0.46790697674418597
1927,2,5,1926,1221,947,1466,1189,519,2954,3.4239130434782608,0.3194581280788177
1927,3,6,1926,1787,1493,2646,1660,1153,4788,3.136574074074074,0.6404632890815497
1927,4,7,1926,2844,2396,3313,2871,-407,7373,2.955493741307371,0.563304347826087
1927,5,8,1926,2287,1881,2396,2364,-504,6126,0.6978470675575352,0.46386363636363676
1927,6,9,1926,1258,752,1836,1183,-1084,3260,-0.5029632556301857,0.4305418719211823
1927,7,10,1926,511,389,734,480,-345,1369,-0.8276559865092749,0.5734146341463414
1927,8,11,1926,312,261,381,306,-119,835,-0.8593961243803515,0.7812371134020619
1927,9,12,1926,218,193,259,213,-66,565,-0.8187863674147964,0.8903614457831326
1927,10,1,1927,188,180,195,186,4,502,-0.6808149405772496,0.86
1927,11,2,1927,246,199,276,250,77,637,-0.36103896103896105,0.5984375000000001
1927,12,3,1927,362,270,467,387,184,968,0.2569444444444444,0.7034883720930233
1928,1,4,1927,606,472,712,602,240,1623,1.5355648535564854,0.5434782608695647
1928,2,5,1927,829,720,1066,804,346,2077,2.003623188405797,0.7
1928,3,6,1927,1844,1086,2217,2020,1131,4939,3.2685185185185186,0.6306137724550899
1928,4,7,1927,2199,2155,2261,2188,44,5700,2.058414464534075,0.7154838709677419
1928,5,8,1927,1971,1466,2261,2042,-795,5278,0.46325167037861914,0.5982479784366577
1928,6,9,1927,989,583,1437,1025,-854,2563,-0.6092453575661794,0.680990990990991
1928,7,10,1927,426,335,563,418,-227,1140,-0.8563237774030354,0.81
1928,8,11,1927,284,243,332,284,-88,761,-0.87201442091032,0.87
1928,9,12,1927,242,222,264,238,13,628,-0.798836242726517,0.72
1928,10,1,1928,247,221,264,257,-13,661,-0.5806451612903226,0.3804347826086957
1928,11,2,1928,256,226,317,253,73,665,-0.33506493506493507,0.568450704225352
1928,12,3,1928,352,302,389,350,80,942,0.2222222222222222,0.7287692307692308
1929,1,4,1928,531,389,752,486,331,1422,1.2217573221757323,0.7941558441558441
1929,2,5,1928,698,648,779,692,67,1690,1.5289855072463767,0.8805376344086022
1929,3,6,1928,926,804,1083,905,279,2479,1.1435185185185186,0.8919597989949749
1929,4,7,1928,1387,1089,1589,1407,439,3595,0.9290681502086231,0.8598340503995083
1929,5,8,1928,1129,660,1511,1132,-851,3024,-0.16184112843355605,0.9004201680672268
1929,6,9,1928,453,381,637,427,-256,1174,-0.8210193599367839,0.9473799126637554
1929,7,10,1928,330,291,377,326,-87,883,-0.8887015177065767,0.9417808219178081
1929,8,11,1928,266,236,291,267,-54,711,-0.8801261829652997,0.9270212765957447
1929,9,12,1928,214,195,236,221,-41,556,-0.8221113881961762,0.91
1929,10,1,1929,192,189,195,193,0,514,-0.6740237691001698,0.8369565217391304
1929,11,2,1929,230,199,267,234,68,596,-0.4025974025974026,0.7038461538461538
1929,12,3,1929,448,270,533,467,207,1199,0.5555555555555556,0.37
1930,1,4,1929,588,480,660,602,168,1574,1.4602510460251046,0.64
1930,2,5,1929,718,648,835,720,187,1736,1.6014492753623188,0.8381081081081081
1930,3,6,1929,910,835,977,905,137,2437,1.1064814814814814,0.902547770700637
1930,4,7,1929,1084,971,1187,1080,215,2809,0.5076495132127955,0.95
1930,5,8,1929,1806,1195,2188,1953,665,4837,0.34075723830734966,0.6690588235294118
1930,6,9,1929,1358,971,1832,1333,-861,3520,-0.46345318056104307,0.34606741573033717
1930,7,10,1929,624,463,958,548,-495,1670,-0.7895446880269814,0.35888888888888887
1930,8,11,1929,399,341,459,398,-119,1069,-0.8201892744479495,0.42
1930,9,12,1929,289,259,341,284,-82,750,-0.7597672485453034,0.4265853658536586
1930,10,1,1930,239,222,259,236,-37,641,-0.5942275042444821,0.4139622641509435
1930,11,2,1930,219,201,259,221,37,569,-0.43116883116883115,0.7717391304347826
1930,12,3,1930,355,267,443,373,176,952,0.2326388888888889,0.7186861313868613
1931,1,4,1930,511,443,589,495,116,1368,1.1380753138075315,0.8426470588235294
1931,2,5,1930,667,572,779,678,207,1613,1.4166666666666667,0.92
1931,3,6,1930,1091,779,2095,971,1315,2922,1.525462962962963,0.8238606676342526
1931,4,7,1930,2882,2266,3313,2923,1047,7470,3.008344923504868,0.550749063670412
1931,5,8,1930,2674,1922,3356,2697,-1391,7163,0.9851521900519673,0.25
1931,6,9,1930,1372,925,1881,1370,-956,3557,-0.4579217700513631,0.3290872210953347
1931,7,10,1930,616,467,892,572,-425,1650,-0.7922428330522766,0.3801038062283737
1931,8,11,1930,398,326,463,408,-137,1065,-0.8206399278954484,0.43478260869565205
1931,9,12,1930,292,250,324,291,-74,757,-0.7572734829592684,0.41
1931,10,1,1931,242,236,270,236,20,649,-0.5891341256366723,0.40156249999999993
1931,11,2,1931,307,261,381,299,114,796,-0.2025974025974026,0.26086956521739135
1931,12,3,1931,571,389,624,589,235,1530,0.9826388888888888,0.08313725490196078
1932,1,4,1931,818,624,952,844,329,2191,2.422594142259414,0.23954545454545453
1932,2,5,1931,1083,971,1311,1060,340,2714,2.9239130434782608,0.4146666666666668
1932,3,6,1931,2941,1384,3803,3488,2217,7878,5.80787037037037,0.29942965779467684
1932,4,7,1931,2979,2261,3600,3101,-1339,7721,3.1432545201668987,0.47973273942093536
1932,5,8,1931,1713,1291,2188,1726,-897,4589,0.2717149220489978,0.7075492341356674
1932,6,9,1931,964,648,1232,990,-584,2500,-0.6191228763334651,0.6952
1932,7,10,1931,512,427,648,505,-221,1371,-0.827318718381113,0.566857142857143
1932,8,11,1931,370,324,422,370,-99,991,-0.8332582244254169,0.5
1932,9,12,1931,284,257,324,282,-67,736,-0.7639235245220283,0.4565217391304349
1932,10,1,1932,219,195,257,222,-61,587,-0.6281833616298812,0.57
1932,11,2,1932,220,195,284,201,86,572,-0.42857142857142855,0.75
1932,12,3,1932,343,270,459,329,185,920,0.1909722222222222,0.762758620689655
1933,1,4,1932,615,463,720,616,240,1647,1.5732217573221758,0.5108695652173914
1933,2,5,1932,798,703,947,764,244,1930,1.891304347826087,0.7802459016393443
1933,3,6,1932,1156,947,1447,1126,500,3096,1.6759259259259258,0.7746586345381526
1933,4,7,1932,1467,1232,1617,1476,-234,3803,1.0403337969401947,0.8476905311778291
1933,5,8,1932,957,648,1195,977,-548,2564,-0.289532293986637,0.9406672888474101
1933,6,9,1932,466,389,637,443,-248,1207,-0.8158830501777954,0.9386255506607929
1933,7,10,1932,331,291,387,326,-96,887,-0.8883642495784149,0.9393617021276595
1933,8,11,1932,247,221,291,236,-70,662,-0.8886885984677783,0.9569230769230769
1933,9,12,1932,199,189,221,195,-32,515,-0.8345802161263508,0.9479591836734693
1933,10,1,1933,174,159,189,171,-3,466,-0.7045840407470289,0.9021739130434782
1933,11,2,1933,213,175,267,209,84,552,-0.44675324675324674,0.82
1933,12,3,1933,400,274,527,403,254,1073,0.3888888888888889,0.52
1934,1,4,1933,649,538,748,648,210,1738,1.715481171548117,0.45584415584415583
1934,2,5,1933,916,761,1432,835,671,2217,2.318840579710145,0.57
1934,3,6,1933,3647,1528,5589,3441,3750,9769,7.44212962962963,0.18873896595208078
1934,4,7,1933,3964,2964,5168,3918,-2205,10275,4.513212795549374,0.22984063745019914
1934,5,8,1933,2324,1802,2943,2294,-1141,6224,0.7253155159613957,0.4250519750519751
1934,6,9,1933,1178,761,1726,1106,-966,3053,-0.5345713156854998,0.5
1934,7,10,1933,519,422,734,489,-311,1390,-0.8249578414839798,0.5312371134020619
1934,8,11,1933,358,306,420,347,-114,958,-0.8386660657954034,0.534516129032258
1934,9,12,1933,265,236,306,259,-70,688,-0.7797173732335827,0.57
1934,10,1,1934,202,178,235,199,-28,542,-0.6570458404074703,0.7282608695652174
1934,11,2,1934,268,207,422,259,216,695,-0.3038961038961039,0.47
1934,12,3,1934,472,422,551,463,108,1263,0.6388888888888888,0.30535714285714277
1935,1,4,1934,672,563,835,654,272,1800,1.8117154811715481,0.4340740740740741
1935,2,5,1934,1122,844,1660,1065,816,2713,3.0652173913043477,0.38054687499999995
1935,3,6,1934,2650,1708,3279,2873,1124,7099,5.1342592592592595,0.36977777777777776
1935,4,7,1934,2322,1953,2831,2286,-879,6019,2.2294853963838666,0.675793991416309
1935,5,8,1934,1685,1400,1953,1708,-553,4513,0.25092798812175204,0.75
1935,6,9,1934,934,619,1366,944,-747,2421,-0.6309758988542078,0.7087548638132296
1935,7,10,1934,488,403,609,472,-206,1308,-0.8354131534569983,0.65
1935,8,11,1934,351,309,403,345,-94,941,-0.8418206399278955,0.57
1935,9,12,1934,276,257,306,271,-49,716,-0.770573566084788,0.5108695652173911
1935,10,1,1935,225,200,257,225,-56,603,-0.6179966044142614,0.52
1935,11,2,1935,213,189,236,221,41,553,-0.44675324675324674,0.82
1935,12,3,1935,350,240,422,347,183,936,0.2152777777777778,0.7387499999999999
1936,1,4,1935,535,431,682,538,251,1434,1.2384937238493723,0.782093023255814
1936,2,5,1935,809,685,1023,779,338,2028,1.931159420289855,0.75
1936,3,6,1935,1382,1025,2067,1311,1042,3703,2.199074074074074,0.6968974820143885
1936,4,7,1935,2367,2102,2497,2364,395,6136,2.2920723226703754,0.6640495867768595
1936,5,8,1935,2015,1437,2497,1983,-1060,5396,0.495916852264291,0.5744646924829158
1936,6,9,1935,855,548,1392,777,-844,2217,-0.6621888581588306,0.75
1936,7,10,1935,428,360,527,420,-167,1148,-0.8556492411467116,0.7968085106382979
1936,8,11,1935,306,259,354,309,-95,821,-0.8621000450653448,0.81
1936,9,12,1935,236,221,259,235,-38,612,-0.8038237738985868,0.7627586206896552
1936,10,1,1936,203,201,209,201,-8,543,-0.6553480475382003,0.7184999999999999
1936,11,2,1936,234,202,270,235,68,606,-0.3922077922077922,0.68
1936,12,3,1936,347,271,443,345,172,928,0.2048611111111111,0.75
1937,1,4,1936,607,453,804,578,351,1626,1.5397489539748954,0.5341379310344827
1937,2,5,1936,1840,892,3228,1598,2336,4451,5.666666666666667,0.15333680917622527
1937,3,6,1936,3127,2743,3600,3080,322,8376,6.238425925925926,0.23998490566037733
1937,4,7,1936,2960,2497,3600,2878,-1104,7671,3.1168289290681503,0.5
1937,5,8,1936,2363,2102,2497,2364,-395,6329,0.7542687453600594,0.40156249999999993
1937,6,9,1936,1414,947,2067,1370,-1120,3665,-0.4413275385223232,0.3049999999999999
1937,7,10,1936,630,480,941,596,-462,1688,-0.7875210792580101,0.34705882352941186
1937,8,11,1936,408,338,472,408,-134,1094,-0.8161333934204597,0.3464285714285715
1937,9,12,1936,297,270,332,291,-61,770,-0.7531172069825436,0.38043478260869557
1937,10,1,1937,244,225,267,236,-42,653,-0.5857385398981324,0.3918367346938775
1937,11,2,1937,268,225,324,267,99,694,-0.3038961038961039,0.47
1937,12,3,1937,428,329,517,427,188,1147,0.4861111111111111,0.43478260869565205
1938,1,4,1937,627,527,740,619,212,1680,1.6234309623430963,0.48963302752293575
1938,2,5,1937,877,748,1025,870,277,2121,2.177536231884058,0.6401060070671378
1938,3,6,1937,1249,1043,1860,1172,817,3346,1.8912037037037037,0.719945155393053
1938,4,7,1937,2753,2042,3228,2773,176,7136,2.8289290681502086,0.5866666666666669
1938,5,8,1937,1659,1208,2217,1678,-1009,4444,0.23162583518930957,0.7706896551724138
1938,6,9,1937,845,548,1208,818,-660,2190,-0.6661398656657448,0.7611976047904191
1938,7,10,1937,436,360,538,431,-177,1168,-0.8529510961214165,0.7808108108108108
1938,8,11,1937,327,281,360,326,-79,875,-0.8526363226678684,0.7082417582417583
1938,9,12,1937,261,240,281,259,-42,676,-0.7830423940149626,0.5993506493506494
1938,10,1,1938,225,221,231,225,-5,602,-0.6179966044142614,0.52
1938,11,2,1938,273,231,326,259,80,709,-0.2909090909090909,0.44722222222222224
1938,12,3,1938,449,312,563,459,251,1203,0.5590277777777778,0.35970873786407764
1939,1,4,1938,713,563,885,692,322,1911,1.9832635983263598,0.34878048780487797
1939,2,5,1938,1185,885,1922,1080,1037,2866,3.2934782608695654,0.34503105590062116
1939,3,6,1938,2628,1953,2873,2743,615,7040,5.083333333333333,0.38333333333333336
1939,4,7,1938,2211,1808,2543,2220,-735,5732,2.075104311543811,0.709090909090909
1939,5,8,1938,1295,947,1768,1217,-821,3468,-0.038604305864884926,0.858421052631579
1939,6,9,1938,633,463,947,616,-484,1642,-0.7499012248123271,0.8951219512195121
1939,7,10,1938,396,347,440,389,-93,1062,-0.866441821247892,0.8695652173913044
1939,8,11,1938,314,281,338,312,-57,840,-0.8584948174853537,0.7709523809523808
1939,9,12,1938,254,236,281,247,-45,657,-0.7888611803823774,0.6321428571428572
1939,10,1,1939,233,215,261,229,25,623,-0.6044142614601019,0.47
1939,11,2,1939,313,264,420,291,156,811,-0.18701298701298702,0.2397222222222222
1939,12,3,1939,546,422,703,542,280,1463,0.8958333333333334,0.14375000000000024
1940,1,4,1939,830,706,989,835,284,2222,2.4728033472803346,0.22780821917808225
1940,2,5,1939,1111,989,1341,1108,352,2785,3.0253623188405796,0.3929203539823008
1940,3,6,1939,3101,1384,5115,3113,3731,8306,6.1782407407407405,0.26058047493403685
1940,4,7,1939,4458,3496,5260,4450,-1637,11554,5.2002781641168285,0.14037725533078188
1940,5,8,1939,2675,2028,3467,2671,-1439,7166,0.985894580549369,0.23998136067101586
1940,6,9,1939,1436,989,1953,1384,-963,3721,-0.4326353220071118,0.2724669603524229
1940,7,10,1939,690,523,971,667,-448,1849,-0.7672849915682968,0.25
1940,8,11,1939,431,360,523,431,-163,1155,-0.8057683641279856,0.29
1940,9,12,1939,299,257,350,299,-86,774,-0.7514546965918537,0.36
1940,10,1,1940,277,257,312,264,48,741,-0.5297113752122241,0.2261290322580644
1940,11,2,1940,328,312,338,330,27,851,-0.14805194805194805,0.21531250000000005
1940,12,3,1940,407,338,480,403,141,1091,0.4131944444444444,0.48
1941,1,4,1940,710,486,1028,648,542,1901,1.9707112970711298,0.36
1941,2,5,1940,1220,989,1610,1175,567,2951,3.420289855072464,0.3205645161290322
1941,3,6,1940,2295,1660,3356,2130,1696,6146,4.3125,0.526174496644295
1941,4,7,1940,2760,2276,3356,2746,-1080,7153,2.8386648122392213,0.5794915254237287
1941,5,8,1940,1678,1200,2232,1660,-1032,4494,0.2457312546399406,0.7603389830508475
1941,6,9,1940,815,551,1183,782,-632,2112,-0.6779928881864875,0.8069767441860466
1941,7,10,1940,449,377,548,435,-171,1204,-0.848566610455312,0.75
1941,8,11,1940,319,274,373,312,-99,856,-0.8562415502478594,0.7296610169491526
1941,9,12,1940,260,225,274,264,-49,673,-0.7838736492103076,0.61
1941,10,1,1941,205,201,222,202,-10,548,-0.6519524617996605,0.7
1941,11,2,1941,239,222,267,233,45,619,-0.37922077922077924,0.64
1941,12,3,1941,338,267,459,324,186,904,0.1736111111111111,0.8152173913043479
1942,1,4,1941,477,420,548,472,126,1278,0.99581589958159,0.9027999999999999
1942,2,5,1941,667,551,818,678,267,1614,1.4166666666666667,0.92
1942,3,6,1941,975,819,1128,977,308,2611,1.2569444444444444,0.8693484419263456
1942,4,7,1941,1833,1132,2188,2036,962,4751,1.549374130737135,0.7720338983050847
1942,5,8,1941,1558,1073,2077,1551,-1003,4174,0.15664439495174462,0.7923857868020304
1942,6,9,1941,647,440,1043,575,-603,1676,-0.7443698143026471,0.8811747851002866
1942,7,10,1941,373,326,435,373,-110,1000,-0.8741989881956155,0.8941605839416058
1942,8,11,1941,281,246,324,276,-77,753,-0.8733663812528166,0.9012195121951219
1942,9,12,1941,214,189,243,212,-54,554,-0.8221113881961762,0.91
1942,10,1,1942,196,171,209,199,21,525,-0.66723259762309,0.77
1942,11,2,1942,231,212,259,230,38,600,-0.4,0.6979591836734693
1942,12,3,1942,316,250,392,306,128,847,0.09722222222222222,0.8687999999999999
1943,1,4,1942,472,398,527,477,129,1263,0.9748953974895398,0.9112727272727272
1943,2,5,1942,614,527,706,605,179,1486,1.2246376811594204,0.9617577548005908
1943,3,6,1942,952,720,1270,925,549,2551,1.2037037037037037,0.8803865546218488
1943,4,7,1942,1630,1328,1708,1660,380,4226,1.267037552155772,0.8125961538461539
1943,5,8,1942,1605,1384,1708,1646,-324,4298,0.1915367483296214,0.7828851291184328
1943,6,9,1942,992,609,1356,1037,-747,2572,-0.6080600553141051,0.6770212765957446
1943,7,10,1942,465,381,596,453,-215,1247,-0.8431703204047217,0.7161818181818181
1943,8,11,1942,325,281,377,324,-96,871,-0.8535376295628662,0.7148571428571429
1943,9,12,1942,241,207,274,238,-67,624,-0.799667497921862,0.7391304347826089
1943,10,1,1943,189,178,202,191,-19,508,-0.6791171477079796,0.8491525423728814
1943,11,2,1943,216,189,271,202,75,561,-0.43896103896103894,0.7934782608695652
1943,12,3,1943,386,261,542,373,281,1034,0.3402777777777778,0.6168750000000001
1944,1,4,1943,710,551,906,703,355,1902,1.9707112970711298,0.36
1944,2,5,1943,1336,925,1881,1270,956,3347,3.8405797101449277,0.2763225806451613
1944,3,6,1943,2104,1953,2261,2095,309,5635,3.8703703703703702,0.5737433155080216
1944,4,7,1943,2437,2294,2543,2459,156,6316,2.389429763560501,0.653133514986376
1944,5,8,1943,1949,1432,2423,1953,-992,5220,0.44691907943578324,0.6192957746478874
1944,6,9,1943,890,542,1400,831,-858,2306,-0.6483603318846306,0.7390825688073395
1944,7,10,1943,426,345,527,427,-183,1142,-0.8563237774030354,0.81
1944,8,11,1943,298,257,341,291,-84,797,-0.8657052726453357,0.842857142857143
1944,9,12,1943,221,199,257,222,-58,572,-0.8162926018287614,0.858695652173913
1944,10,1,1944,195,193,199,195,-4,521,-0.6689303904923599,0.81
1944,11,2,1944,234,195,295,229,100,606,-0.3922077922077922,0.68
1944,12,3,1944,402,302,463,414,157,1077,0.3958333333333333,0.5
1945,1,4,1944,557,463,685,548,222,1493,1.3305439330543933,0.7083333333333333
1945,2,5,1944,908,703,1195,872,470,2196,2.289855072463768,0.5850393700787402
1945,3,6,1944,2555,971,3886,2646,2915,6844,4.914351851851852,0.4429104477611941
1945,4,7,1944,3188,2497,3867,3167,-1370,8263,3.433936022253129,0.4008120649651973
1945,5,8,1944,1958,1447,2467,1967,-1021,5244,0.45360059391239793,0.6090592334494774
1945,6,9,1944,923,596,1400,862,-804,2392,-0.6353220071118135,0.723015873015873
1945,7,10,1944,469,398,567,459,-169,1257,-0.8418212478920742,0.69
1945,8,11,1944,335,284,392,335,-108,897,-0.8490310950878774,0.65
1945,9,12,1944,248,225,284,245,-59,643,-0.7938487115544473,0.69
1945,10,1,1945,206,195,222,202,-20,551,-0.6502546689303905,0.67
1945,11,2,1945,238,201,302,230,100,618,-0.38181818181818183,0.6512195121951219
1945,12,3,1945,393,306,489,398,183,1054,0.3645833333333333,0.57
1946,1,4,1945,730,505,971,720,466,1956,2.0543933054393304,0.3158131487889273
1946,2,5,1945,971,971,971,971,0,2350,2.5181159420289854,0.5202919708029197
1946,3,6,1945,1111,971,1195,1128,224,2976,1.5717592592592593,0.809641873278237
1946,4,7,1945,1378,1208,1551,1384,343,3572,0.9165507649513213,0.8681481481481482
1946,5,8,1945,1439,1208,1589,1414,-351,3854,0.06829992576095026,0.8178
1946,6,9,1945,821,523,1187,782,-664,2127,-0.675622283682339,0.7953608247422681
1946,7,10,1945,400,335,495,398,-159,1071,-0.8650927487352446,0.858695652173913
1946,8,11,1945,289,250,332,287,-82,775,-0.8697611536728256,0.8592307692307692
1946,9,12,1945,219,200,250,218,-50,567,-0.8179551122194514,0.8804347826086956
1946,10,1,1946,195,193,199,195,-6,523,-0.6689303904923599,0.81
1946,11,2,1946,209,193,264,194,71,541,-0.45714285714285713,0.8576923076923078
1946,12,3,1946,374,270,472,377,202,1002,0.2986111111111111,0.65
1947,1,4,1946,585,477,706,564,205,1566,1.4476987447698744,0.6611602209944752
1947,2,5,1946,823,703,1117,770,414,1990,1.9818840579710144,0.7177272727272727
1947,3,6,1946,2081,1128,3901,1832,2773,5574,3.8171296296296298,0.6
1947,4,7,1946,4282,3867,4629,4250,-209,11099,4.955493741307372,0.1536243822075783
1947,5,8,1946,3125,2294,3846,3080,-1552,8371,1.3199703043801039,0.14587628865979416
1947,6,9,1946,1609,1126,2261,1589,-1135,4171,-0.36428289213749504,0.18337423312883444
1947,7,10,1946,763,542,1096,712,-554,2043,-0.742664418212479,0.19217877094972077
1947,8,11,1946,449,381,527,446,-147,1202,-0.7976566020730058,0.23600000000000007
1947,9,12,1946,327,295,377,325,-82,849,-0.7281795511221946,0.25
1947,10,1,1947,274,264,291,270,-20,735,-0.534804753820034,0.24
1947,11,2,1947,281,261,324,273,24,728,-0.2701298701298701,0.41
1947,12,3,1947,400,295,538,403,191,1071,0.3888888888888889,0.52
1948,1,4,1947,687,495,835,720,340,1840,1.8744769874476988,0.4211392405063291
1948,2,5,1947,1471,847,3827,1128,2980,3686,4.329710144927536,0.22791666666666674
1948,3,6,1947,5742,4402,6170,5768,1172,15378,12.291666666666666,0.04712182061579644
1948,4,7,1947,5018,4057,5574,5214,-1518,13007,5.97913769123783,0.05441685324648882
1948,5,8,1947,3177,2346,4027,3139,-1681,8508,1.358574610244989,0.11959302325581399
1948,6,9,1947,1756,1200,2302,1730,-1102,4552,-0.30620308178585537,0.14001258917331094
1948,7,10,1947,853,578,1183,844,-605,2284,-0.712310286677909,0.09790419161676644
1948,8,11,1947,477,398,572,467,-174,1278,-0.7850383055430374,0.15280000000000005
1948,9,12,1947,336,284,392,329,-108,871,-0.7206982543640897,0.2
1948,10,1,1948,292,284,324,284,40,782,-0.5042444821731749,0.15
1948,11,2,1948,348,326,370,349,45,903,-0.09610389610389611,0.14
1948,12,3,1948,400,373,403,403,30,1072,0.3888888888888889,0.52
1949,1,4,1948,446,403,472,440,70,1194,0.8661087866108786,0.9435135135135135
1949,2,5,1948,521,472,609,520,136,1260,0.8876811594202898,0.9787692307692307
1949,3,6,1948,704,609,779,720,171,1884,0.6296296296296297,0.9870963704630789
1949,4,7,1948,862,779,905,885,112,2235,0.19888734353268428,0.9788264058679707
1949,5,8,1948,710,495,885,720,-390,1902,-0.4729027468448404,0.9893133047210301
1949,6,9,1948,410,360,477,413,-117,1064,-0.8380086922165152,0.9667707212055974
1949,7,10,1948,324,284,360,324,-77,867,-0.890725126475548,0.9584905660377359
1949,8,11,1948,263,236,284,261,-47,703,-0.8814781433077963,0.9321568627450981
1949,9,12,1948,213,193,235,221,-42,553,-0.8229426433915212,0.9205521472392638
1949,10,1,1949,175,171,193,171,-22,469,-0.7028862478777589,0.8964285714285715
1949,11,2,1949,195,171,236,193,65,504,-0.4935064935064935,0.92
1949,12,3,1949,317,243,420,302,177,850,0.10069444444444445,0.8593023255813953
1950,1,4,1949,575,427,712,589,285,1540,1.405857740585774,0.6761643835616438
1950,2,5,1949,2308,720,5187,1814,4466,5584,7.36231884057971,0.10967596759675967
1950,3,6,1949,4351,3886,5187,4253,-1301,11653,9.07175925925926,0.09626865671641789
1950,4,7,1949,3698,3467,3886,3710,-419,9586,4.143254520166899,0.25
1950,5,8,1949,2564,1808,3441,2497,-1633,6867,0.9034892353377877,0.3003236245954693
1950,6,9,1949,1209,752,1752,1162,-1000,3134,-0.5223231924140656,0.4592523364485982
1950,7,10,1949,551,435,740,527,-304,1477,-0.8141652613827993,0.47826086956521763
1950,8,11,1949,368,306,431,360,-125,987,-0.8341595313204146,0.510597014925373
1950,9,12,1949,260,221,302,265,-82,673,-0.7838736492103076,0.61
1950,10,1,1950,205,193,221,202,-19,549,-0.6519524617996605,0.7
1950,11,2,1950,227,201,284,221,82,589,-0.4103896103896104,0.717391304347826
1950,12,3,1950,373,291,472,381,182,1000,0.2951388888888889,0.6630434782608694
1951,1,4,1950,588,472,682,609,210,1576,1.4602510460251046,0.64
1951,2,5,1950,916,692,1455,856,763,2217,2.318840579710145,0.57
1951,3,6,1950,3566,1631,4402,3901,1906,9552,7.25462962962963,0.2069078947368422
1951,4,7,1950,3025,2840,3488,2943,-648,7841,3.2072322670375524,0.46235457063711916
1951,5,8,1950,2566,2169,2831,2617,-662,6873,0.9049740163325909,0.29912280701754396
1951,6,9,1950,1637,1128,2139,1628,-1011,4244,-0.35322007111813514,0.15916795069337442
1951,7,10,1950,782,556,1096,748,-540,2095,-0.736256323777403,0.15625
1951,8,11,1950,459,389,551,453,-162,1229,-0.7931500675980171,0.20621301775147938
1951,9,12,1950,326,274,387,327,-113,844,-0.7290108063175395,0.28
1951,10,1,1951,282,257,373,267,58,757,-0.5212224108658744,0.18478260869565236
1951,11,2,1951,343,306,470,325,135,888,-0.10909090909090909,0.16098591549295765
1951,12,3,1951,601,453,1128,517,556,1610,1.0868055555555556,0.06745816733067721
1952,1,4,1951,1656,1066,2671,1551,1605,4437,5.928870292887029,0.02402515723270431
1952,2,5,1951,3599,2697,4967,3441,2270,9018,12.039855072463768,0.0335961165048543
1952,3,6,1951,5570,4462,6170,5673,-883,14919,11.893518518518519,0.051329314475616304
1952,4,7,1951,3427,2517,4336,3509,-1819,8883,3.7663421418636998,0.30672268907563033
1952,5,8,1951,1736,1167,2450,1678,-1283,4650,0.28878990348923533,0.6972222222222222
1952,6,9,1951,838,583,1142,807,-559,2172,-0.6689055709205848,0.7726923076923078
1952,7,10,1951,485,420,572,472,-152,1298,-0.836424957841484,0.6639622641509433
1952,8,11,1951,365,324,414,365,-90,976,-0.8355114916629113,0.5208275862068966
1952,9,12,1951,285,259,324,284,-65,739,-0.7630922693266833,0.4479591836734695
1952,10,1,1952,237,221,259,235,9,636,-0.597623089983022,0.4256250000000001
1952,11,2,1952,323,250,381,329,131,838,-0.16103896103896104,0.2270370370370371
1952,12,3,1952,429,387,486,420,99,1150,0.4895833333333333,0.4279411764705882
1953,1,4,1952,609,495,748,589,254,1631,1.5481171548117154,0.5238709677419356
1953,2,5,1952,964,768,1311,925,543,2333,2.4927536231884058,0.530899357601713
1953,3,6,1952,4102,1356,5886,4181,4041,10986,8.49537037037037,0.13053395541731477
1953,4,7,1952,4584,3886,5345,4586,-1459,11882,5.375521557719054,0.11937984496124017
1953,5,8,1952,3192,2385,3846,3251,-1461,8549,1.3697104677060135,0.10936170212765951
1953,6,9,1952,1759,1183,2335,1777,-1152,4560,-0.3050177795337811,0.1199435028248588
1953,7,10,1952,813,567,1142,768,-575,2177,-0.7258010118043845,0.11969837587006954
1953,8,11,1952,470,389,563,467,-174,1259,-0.7881928796755295,0.18186440677966104
1953,9,12,1952,332,287,389,326,-102,860,-0.7240232751454697,0.22
1953,10,1,1953,271,261,287,271,-16,725,-0.5398981324278438,0.2724000000000001
1953,11,2,1953,292,267,370,286,87,756,-0.24155844155844156,0.313529411764706
1953,12,3,1953,507,360,578,527,218,1358,0.7604166666666666,0.23933333333333331
1954,1,4,1953,779,602,885,835,283,2087,2.2594142259414225,0.2912060301507537
1954,2,5,1953,1049,892,1291,1043,399,2537,2.800724637681159,0.45600000000000024
1954,3,6,1953,2091,1311,3139,2095,1828,5600,3.8402777777777777,0.5874820143884893
1954,4,7,1953,3464,2960,3812,3469,-268,8979,3.8178025034770515,0.28351906158357754
1954,5,8,1953,2306,1708,2915,2294,-1207,6178,0.7119524870081663,0.4407103825136612
1954,6,9,1953,1204,818,1678,1149,-860,3120,-0.5242986961675227,0.46639097744360897
1954,7,10,1953,586,467,794,567,-327,1570,-0.8023608768971332,0.4347826086956524
1954,8,11,1953,406,347,459,408,-112,1088,-0.8170347003154574,0.358695652173913
1954,9,12,1953,301,259,341,308,-82,780,-0.7497921862011637,0.34951923076923075
1954,10,1,1954,229,212,257,225,-34,612,-0.6112054329371817,0.49
1954,11,2,1954,255,212,312,259,91,662,-0.33766233766233766,0.5720588235294117
1954,12,3,1954,475,324,667,456,343,1271,0.6493055555555556,0.2972727272727272
1955,1,4,1954,918,673,1172,947,499,2460,2.8410041841004183,0.13137254901960807
1955,2,5,1954,1998,1208,2671,2061,1463,4833,6.239130434782608,0.132841648590022
1955,3,6,1954,2972,2681,3710,2782,1029,7959,5.87962962962963,0.28519598906107557
1955,4,7,1954,3314,2803,3803,3334,-931,8591,3.6091794158553547,0.33941176470588197
1955,5,8,1954,2351,2004,2769,2327,-765,6297,0.7453600593912398,0.41162790697674423
1955,6,9,1954,1491,1073,1953,1474,-879,3865,-0.4109047807190834,0.2375384615384615
1955,7,10,1954,729,527,1060,682,-533,1953,-0.7541315345699832,0.22
1955,8,11,1954,450,387,523,456,-136,1204,-0.797205948625507,0.22826086956521766
1955,9,12,1954,332,291,381,332,-90,862,-0.7240232751454697,0.22
1955,10,1,1955,268,250,291,267,-24,717,-0.5449915110356537,0.31
1955,11,2,1955,300,267,345,306,78,779,-0.22077922077922077,0.28319999999999995
1955,12,3,1955,422,347,527,422,180,1131,0.4652777777777778,0.4582417582417583
1956,1,4,1955,652,527,818,654,290,1745,1.7280334728033473,0.4489655172413793
1956,2,5,1955,1107,819,2004,1023,1185,2773,3.010869565217391,0.4004424778761062
1956,3,6,1955,3883,2217,4629,3971,1422,10401,7.988425925925926,0.16469301340860976
1956,4,7,1955,4064,3496,5115,3921,1475,10533,4.652294853963839,0.20168539325842708
1956,5,8,1955,5182,3971,5673,5396,-1289,13879,2.8470675575352637,0
1956,6,9,1955,2822,1922,3920,2773,-1999,7315,0.11497431845120505,0
1956,7,10,1955,1321,906,1872,1217,-965,3539,-0.554468802698145,0
1956,8,11,1955,659,512,905,630,-393,1766,-0.7030193780982424,0.010715789473684213
1956,9,12,1955,427,373,495,427,-122,1108,-0.6450540315876975,0.025957446808510556
1956,10,1,1956,330,309,370,320,-54,883,-0.4397283531409168,0.06710526315789465
1956,11,2,1956,376,306,463,379,146,975,-0.023376623376623377,0.09878048780487811
1956,12,3,1956,542,467,567,542,100,1451,0.8819444444444444,0.1609170305676856
1957,1,4,1956,642,572,682,648,110,1719,1.6861924686192469,0.4748717948717948
1957,2,5,1956,938,685,2568,811,1883,2269,2.398550724637681,0.5503378378378379
1957,3,6,1956,7261,4415,9154,7541,593,19447,15.80787037037037,0.011596346237494524
1957,4,7,1956,3648,2769,4813,3548,-2043,9455,4.073713490959666,0.2602821670428894
1957,5,8,1956,2040,1447,2716,2004,-1269,5463,0.5144766146993318,0.5586672879776329
1957,6,9,1956,1075,779,1432,1078,-652,2787,-0.5752666930067167,0.5675
1957,7,10,1956,592,486,748,572,-262,1585,-0.8003372681281619,0.41
1957,8,11,1956,419,365,480,420,-115,1122,-0.8111762054979721,0.3171052631578947
1957,9,12,1956,321,291,360,317,-70,831,-0.7331670822942643,0.30380952380952375
1957,10,1,1957,296,284,312,291,21,792,-0.49745331069609505,0.13073684210526323
1957,11,2,1957,336,299,398,330,48,870,-0.12727272727272726,0.19178082191780818
1957,12,3,1957,552,350,877,538,527,1480,0.9166666666666666,0.11956521739130413
1958,1,4,1957,1646,892,3886,1437,2994,4409,5.887029288702929,0.03013094718463552
1958,2,5,1957,8630,4207,9912,9003,5490,20878,30.268115942028984,0
1958,3,6,1957,7995,5925,9530,8004,-3606,21415,17.506944444444443,0
1958,4,7,1957,4179,3004,5768,4004,-2763,10832,4.812239221140473,0.17218884120171676
1958,5,8,1957,2192,1551,2915,2169,-1363,5872,0.6273199703043801,0.5302336903602727
1958,6,9,1957,1108,804,1511,1088,-707,2873,-0.5622283682338997,0.5520408163265307
1958,7,10,1957,657,563,779,648,-217,1759,-0.7784148397976391,0.28669902912621353
1958,8,11,1957,510,459,563,512,-104,1365,-0.7701667417755745,0.10799999999999993
1958,9,12,1957,409,373,456,408,-83,1059,-0.6600166251039069,0.05204081632653049
1958,10,1,1958,349,324,373,354,3,934,-0.4074702886247878,0.043478260869565126
1958,11,2,1958,409,377,463,403,85,1059,0.06233766233766234,0.0507142857142857
1958,12,3,1958,679,486,998,673,417,1818,1.3576388888888888,0.05164744645799005
1959,1,4,1958,857,818,925,847,-19,2296,2.585774058577406,0.18753424657534257
1959,2,5,1958,1025,905,1117,1073,212,2480,2.713768115942029,0.4773225152129818
1959,3,6,1958,2694,1128,4432,2411,2983,7217,5.236111111111111,0.3592948717948718
1959,4,7,1958,3164,2385,4076,3104,-1691,8201,3.400556328233658,0.42010962241169303
1959,5,8,1958,1887,1414,2346,1881,-932,5054,0.40089086859688194,0.6431972789115646
1959,6,9,1958,1004,660,1392,1041,-732,2602,-0.603318846305808,0.6579545454545453
1959,7,10,1958,521,440,648,512,-208,1395,-0.824283305227656,0.52
1959,8,11,1958,381,332,435,381,-104,1021,-0.8283010365029293,0.4737254901960784
1959,9,12,1958,283,243,326,279,-82,734,-0.7647547797173733,0.467391304347826
1959,10,1,1959,210,195,243,207,-48,564,-0.6434634974533107,0.64
1959,11,2,1959,239,201,306,236,79,618,-0.37922077922077924,0.64
1959,12,3,1959,397,281,527,403,246,1062,0.3784722222222222,0.5536585365853658
1960,1,4,1959,588,533,685,572,141,1576,1.4602510460251046,0.64
1960,2,5,1959,811,682,952,818,270,2033,1.9384057971014492,0.7397350993377484
1960,3,6,1959,2441,971,4076,2450,3105,6539,4.650462962962963,0.45918367346938777
1960,4,7,1959,4072,3080,4629,4171,-1100,10555,4.663421418636996,0.19917012448132787
1960,5,8,1959,2236,1708,3004,2169,-1296,5990,0.6599851521900519,0.5
1960,6,9,1959,1287,952,1678,1254,-725,3337,-0.49150533386013434,0.3917355371900827
1960,7,10,1959,643,472,941,602,-469,1723,-0.7831365935919056,0.31845070422535193
1960,8,11,1959,409,345,470,414,-126,1096,-0.8156827399729608,0.3393203883495145
1960,9,12,1959,295,250,341,293,-91,765,-0.7547797173732336,0.39090909090909093
1960,10,1,1960,221,201,250,221,-28,591,-0.6247877758913413,0.5543478260869565
1960,11,2,1960,289,231,360,295,129,750,-0.24935064935064935,0.3369565217391302
1960,12,3,1960,393,360,453,381,93,1053,0.3645833333333333,0.57
1961,1,4,1960,596,456,761,578,305,1595,1.493723849372385,0.6084210526315789
1961,2,5,1960,890,761,1128,881,367,2154,2.2246376811594204,0.5998480243161094
1961,3,6,1960,2622,1128,5278,2195,4150,7022,5.069444444444445,0.40121951219512225
1961,4,7,1960,5657,4686,6081,5829,-711,14663,6.867872044506258,0.022034656232532097
1961,5,8,1960,3374,2411,4532,3405,-2121,9036,1.5048255382331106,0.07685810810810804
1961,6,9,1960,1824,1291,2364,1820,-1073,4727,-0.2793362307388384,0.09423529411764703
1961,7,10,1960,944,667,1246,947,-579,2530,-0.681618887015177,0.07101302460202605
1961,8,11,1960,522,422,648,512,-225,1399,-0.7647589004055881,0.07939597315436239
1961,9,12,1960,367,324,420,372,-97,952,-0.6949293433083957,0.11962499999999998
1961,10,1,1961,278,267,320,267,-37,743,-0.5280135823429541,0.21
1961,11,2,1961,337,267,420,332,139,873,-0.12467532467532468,0.18647058823529403
1961,12,3,1961,490,420,589,495,169,1313,0.7013888888888888,0.2820560747663551
1962,1,4,1961,877,602,1217,885,608,2348,2.6694560669456067,0.17366515837104077
1962,2,5,1961,1968,1291,2932,1947,1640,4760,6.130434782608695,0.14033962264150945
1962,3,6,1961,4358,3123,5187,4415,2064,11671,9.087962962962964,0.08989103847009117
1962,4,7,1961,5235,4501,5570,5371,-777,13569,6.280945757997219,0.04230678326636723
1962,5,8,1961,3461,2617,4415,3467,-1798,9271,1.5694135115070527,0.06515933232169943
1962,6,9,1961,1878,1291,2543,1891,-1252,4867,-0.2580007902015014,0.06662576687116557
1962,7,10,1961,949,703,1208,947,-505,2543,-0.6799325463743676,0.06723618090452253
1962,8,11,1961,556,472,667,551,-194,1489,-0.7494366831906264,0.037068965517241315
1962,9,12,1961,411,360,459,412,-99,1065,-0.6583541147132169,0.04727272727272716
1962,10,1,1962,313,284,354,302,-52,838,-0.4685908319185059,0.08881355932203389
1962,11,2,1962,348,302,443,334,140,903,-0.09610389610389611,0.14
1962,12,3,1962,742,459,1126,712,667,1987,1.5763888888888888,0.021827956989247256
1963,1,4,1962,1688,1132,2803,1511,1671,4521,6.062761506276151,0.010344827586206907
1963,2,5,1962,4062,2895,5133,4208,2238,9828,13.717391304347826,0.0223002188183807
1963,3,6,1962,6540,5308,7115,6666,980,17518,14.13888888888889,0.03135042081101756
1963,4,7,1962,5357,4057,6288,5493,-2232,13885,6.450625869262865,0.034646360351058246
1963,5,8,1962,3024,2155,4008,2964,-1852,8099,1.244988864142539,0.1761393323657475
1963,6,9,1962,1532,1089,2155,1502,-1066,3971,-0.39470564994073487,0.20949367088607598
1963,7,10,1962,832,648,1086,794,-439,2228,-0.7193929173693085,0.10880503144654084
1963,8,11,1962,544,472,637,551,-164,1458,-0.7548445245606129,0.046808510638297746
1963,9,12,1962,421,381,470,420,-89,1092,-0.6500415627597672,0.031747572815533906
1963,10,1,1963,359,347,377,360,-17,962,-0.3904923599320883,0.034137931034482684
1963,11,2,1963,469,360,648,452,287,1216,0.21818181818181817,0.022805049088358988
1963,12,3,1963,803,673,914,818,232,2151,1.7881944444444444,0
1964,1,4,1963,1002,906,1083,1023,176,2684,3.192468619246862,0.0997465990930915
1964,2,5,1963,1330,1089,1694,1341,604,3332,3.818840579710145,0.28062068965517245
1964,3,6,1963,2236,1746,2450,2294,515,5990,4.175925925925926,0.5423541776142932
1964,4,7,1963,2275,2188,2327,2280,-73,5896,2.164116828929068,0.6934560327198364
1964,5,8,1963,1689,1187,2155,1694,-969,4524,0.25389755011135856,0.7297938144329895
1964,6,9,1963,834,583,1167,806,-584,2162,-0.6704859739233504,0.7809795918367347
1964,7,10,1963,505,453,572,495,-119,1354,-0.8296795952782462,0.5968354430379746
1964,8,11,1963,404,354,446,408,-92,1083,-0.8179360072104551,0.37
1964,9,12,1963,326,291,354,325,-63,845,-0.7290108063175395,0.28
1964,10,1,1964,274,264,291,271,-3,734,-0.534804753820034,0.24
1964,11,2,1964,330,284,420,322,119,856,-0.14285714285714285,0.20849056603773589
1964,12,3,1964,467,414,556,453,142,1251,0.6215277777777778,0.33
1965,1,4,1964,690,551,835,703,284,1848,1.887029288702929,0.41225806451612923
1965,2,5,1964,1053,844,1414,1034,571,2547,2.8152173913043477,0.4474522292993632
1965,3,6,1964,2318,1485,2671,2450,1187,6209,4.3657407407407405,0.5108349146110056
1965,4,7,1964,2552,2261,2743,2596,-420,6616,2.5493741307371347,0.6402293967714529
1965,5,8,1964,1803,1328,2217,1808,-890,4830,0.33853006681514475,0.670841121495327
1965,6,9,1964,926,637,1291,924,-654,2400,-0.6341367048597393,0.7188311688311688
1965,7,10,1964,514,440,619,512,-179,1376,-0.8266441821247892,0.55
1965,8,11,1964,390,345,435,389,-91,1046,-0.8242451554754394,0.4562130177514794
1965,9,12,1964,316,287,341,314,-53,818,-0.7373233582709892,0.3184507042253521
1965,10,1,1965,269,250,284,271,-27,719,-0.5432937181663837,0.29
1965,11,2,1965,287,246,350,271,89,744,-0.2545454545454545,0.36
1965,12,3,1965,436,360,517,440,156,1169,0.5138888888888888,0.4045454545454545
1966,1,4,1965,621,517,779,589,263,1662,1.598326359832636,0.5
1966,2,5,1965,992,847,1195,962,318,2400,2.5942028985507246,0.48985775248933144
1966,3,6,1965,2806,1291,5345,2327,4054,7516,5.49537037037037,0.32888059701492534
1966,4,7,1965,4140,2964,5396,3994,-2433,10732,4.757997218358832,0.18344578313253027
1966,5,8,1965,2307,1752,2943,2261,-1191,6179,0.7126948775055679,0.4393969849246231
1966,6,9,1965,1259,885,1726,1206,-841,3262,-0.5025681548794942,0.4288524590163936
1966,7,10,1965,634,495,859,609,-364,1698,-0.7861720067453626,0.3382051282051282
1966,8,11,1965,437,389,486,431,-97,1169,-0.8030644434429923,0.27
1966,9,12,1965,347,306,389,343,-83,899,-0.7115544472152951,0.1779411764705882
1966,10,1,1966,279,267,306,274,-35,749,-0.5263157894736842,0.19795918367346954
1966,11,2,1966,288,271,335,281,62,746,-0.2519480519480519,0.34782608695652173
1966,12,3,1966,372,338,440,365,102,997,0.2916666666666667,0.671764705882353
1967,1,4,1966,544,446,654,551,202,1457,1.2761506276150627,0.75
1967,2,5,1966,784,648,906,764,259,1896,1.8405797101449275,0.7913965087281796
1967,3,6,1966,1146,925,1678,1083,753,3069,1.6527777777777777,0.7904371584699454
1967,4,7,1966,2745,1752,3452,2754,1459,7115,2.8178025034770515,0.5917582417582418
1967,5,8,1966,2443,2004,3169,2335,-1165,6544,0.8136599851521901,0.3683809523809525
1967,6,9,1966,1582,1151,1967,1590,-815,4100,-0.37495061240616356,0.19412455934195075
1967,7,10,1966,769,527,1126,712,-598,2060,-0.7406408094435076,0.1864705882352943
1967,8,11,1966,442,373,523,440,-150,1183,-0.800811176205498,0.25
1967,9,12,1966,327,281,373,327,-92,847,-0.7281795511221946,0.25
1967,10,1,1967,278,257,306,274,9,744,-0.5280135823429541,0.21
1967,11,2,1967,378,291,440,389,150,981,-0.01818181818181818,0.08
1967,12,3,1967,566,443,706,564,263,1516,0.9652777777777778,0.09599999999999992
1968,1,4,1967,1700,720,3496,1183,2776,4553,6.112970711297071,0
1968,2,5,1967,4719,3734,5278,4595,745,11825,16.097826086956523,0.01361811369628562
1968,3,6,1967,4205,3773,5278,4091,846,11263,8.733796296296296,0.11965494137353427
1968,4,7,1967,4708,3496,5513,4808,-1867,12203,5.54798331015299,0.08639327024185062
1968,5,8,1967,2634,2042,3441,2568,-1399,7056,0.955456570155902,0.27183703703703704
1968,6,9,1967,1427,1060,2004,1378,-944,3698,-0.43619122876333466,0.29
1968,7,10,1967,781,609,1025,752,-416,2093,-0.736593591905565,0.17
1968,8,11,1967,516,446,609,512,-163,1383,-0.7674628210905814,0.09749999999999995
1968,9,12,1967,398,350,443,401,-93,1031,-0.6691604322527016,0.08229665071770335
1968,10,1,1968,305,281,347,299,-66,818,-0.48217317487266553,0.10930232558139533
1968,11,2,1968,356,281,463,341,181,924,-0.07532467532467532,0.11981220657276992
1968,12,3,1968,554,467,654,551,187,1484,0.9236111111111112,0.1097560975609756
1969,1,4,1968,790,667,971,768,305,2116,2.305439330543933,0.2761224489795919
1969,2,5,1968,1755,971,4515,1243,3544,4246,5.358695652173913,0.1707627118644068
1969,3,6,1968,6893,5009,8225,6871,3217,18462,14.956018518518519,0.021799731018461888
1969,4,7,1968,7423,5551,8540,7617,-2853,19240,9.324061196105703,0
1969,5,8,1968,3739,2568,5359,3573,-2791,10014,1.7757980697847067,0.04190209790209785
1969,6,9,1968,1863,1328,2488,1819,-1160,4829,-0.26392730146187277,0.0744585987261146
1969,7,10,1968,1015,794,1270,1023,-475,2720,-0.657672849915683,0.03626373626373621
1969,8,11,1968,638,538,779,624,-242,1708,-0.7124831004957188,0.02051157125456758
1969,9,12,1968,469,427,533,465,-106,1216,-0.6101413133832086,0.010475161987041032
1969,10,1,1969,437,418,470,440,48,1171,-0.25806451612903225,0
1969,11,2,1969,526,470,648,500,177,1363,0.36623376623376624,0
1969,12,3,1969,776,648,905,768,258,2077,1.6944444444444444,0.010703124999999987
1970,1,4,1969,1226,905,1768,1151,862,3285,4.129707112970712,0.06963210702341133
1970,2,5,1969,2997,1808,4525,2778,2717,7250,9.858695652173912,0.06483489851560123
1970,3,6,1969,4636,4111,4874,4686,-484,12416,9.731481481481481,0.07284324942791759
1970,4,7,1969,3484,2716,4057,3482,-1341,9031,3.8456189151599443,0.2763320463320463
1970,5,8,1969,1988,1432,2671,1967,-1240,5324,0.4758723088344469,0.5878402903811252
1970,6,9,1969,1057,779,1392,1058,-613,2739,-0.5823785065191623,0.5853333333333334
1970,7,10,1969,619,538,752,602,-214,1659,-0.7912310286677909,0.36973451327433626
1970,8,11,1969,471,422,533,467,-110,1261,-0.7877422262280307,0.17391304347826095
1970,9,12,1969,375,335,420,377,-85,972,-0.6882793017456359,0.09988066825775657
1970,10,1,1970,326,320,338,324,-12,874,-0.4465195246179966,0.07323699421965313
1970,11,2,1970,379,326,431,385,105,982,-0.015584415584415584,0.06970350404312668
1970,12,3,1970,550,440,673,551,233,1473,0.9097222222222222,0.13022222222222235
1971,1,4,1970,850,685,989,844,305,2278,2.5564853556485354,0.2014563106796117
1971,2,5,1970,1385,998,2102,1214,1104,3351,4.018115942028985,0.26063694267515924
1971,3,6,1970,2781,2139,3139,2915,941,7449,5.4375,0.34171428571428575
1971,4,7,1970,2570,2113,3032,2559,-908,6662,2.5744089012517386,0.630411622276029
1971,5,8,1970,1688,1366,2077,1678,-711,4522,0.25315515961395696,0.7377777777777775
1971,6,9,1970,1039,752,1328,1047,-576,2692,-0.5894903200316081,0.6300215982721382
1971,7,10,1970,589,489,734,564,-245,1579,-0.8013490725126475,0.42391304347826103
1971,8,11,1970,437,389,477,440,-88,1169,-0.8030644434429923,0.27
1971,9,12,1970,353,324,387,350,-63,915,-0.7065669160432253,0.16127272727272726
1971,10,1,1971,292,276,320,291,-21,783,-0.5042444821731749,0.15
1971,11,2,1971,344,306,403,335,97,892,-0.10649350649350649,0.15526315789473677
1971,12,3,1971,448,392,533,440,125,1200,0.5555555555555556,0.37
1972,1,4,1971,719,548,844,720,287,1925,2.00836820083682,0.33
1972,2,5,1971,829,818,835,835,0,2078,2.003623188405797,0.7
1972,3,6,1971,990,835,1132,989,298,2652,1.2916666666666667,0.8595774647887324
1972,4,7,1971,1574,1142,1881,1624,739,4079,1.1891515994436717,0.8272525439407956
1972,5,8,1971,1699,1466,1881,1726,-415,4551,0.2613214550853749,0.717986577181208
1972,6,9,1971,1154,819,1447,1157,-627,2992,-0.5440537337020941,0.5310794602698651
1972,7,10,1971,583,470,794,563,-324,1561,-0.8033726812816189,0.4428057553956835
1972,8,11,1971,415,360,467,418,-107,1113,-0.8129788192879676,0.3250909090909091
1972,9,12,1971,325,299,360,329,-61,843,-0.7298420615128844,0.29117647058823526
1972,10,1,1972,285,276,299,284,-9,764,-0.5161290322580645,0.17
1972,11,2,1972,310,291,329,310,39,804,-0.19480519480519481,0.25
1972,12,3,1972,387,335,505,370,110,1037,0.34375,0.6093023255813953
1973,1,4,1972,527,440,609,523,166,1412,1.205020920502092,0.8113483146067417
1973,2,5,1972,704,609,779,720,171,1703,1.5507246376811594,0.8597560975609756
1973,3,6,1972,895,779,1051,892,271,2397,1.0717592592592593,0.9224324324324326
1973,4,7,1972,1145,1060,1208,1142,148,2969,0.5924895688456189,0.9331073446327683
1973,5,8,1972,1110,906,1208,1132,-302,2974,-0.1759465478841871,0.9106188925081433
1973,6,9,1972,631,467,885,610,-418,1637,-0.75069142631371,0.9001246882793018
1973,7,10,1972,404,354,463,398,-109,1081,-0.863743676222597,0.8464285714285714
1973,8,11,1972,317,274,350,324,-76,848,-0.8571428571428571,0.75
1973,9,12,1972,249,229,274,248,-44,645,-0.7930174563591023,0.6739130434782608
1973,10,1,1973,233,209,257,235,32,624,-0.6044142614601019,0.47
1973,11,2,1973,279,246,320,269,64,722,-0.2753246753246753,0.43
1973,12,3,1973,525,329,863,446,532,1407,0.8229166666666666,0.19
1974,1,4,1973,909,819,1096,914,155,2435,2.803347280334728,0.150561797752809
1974,2,5,1973,1769,1086,2705,1599,1608,4279,5.409420289855072,0.16689320388349516
1974,3,6,1973,2614,2310,2840,2681,-439,7001,5.050925925925926,0.4153846153846155
1974,4,7,1973,2301,2232,2450,2266,149,5964,2.200278164116829,0.6842541436464088
1974,5,8,1973,2289,1836,2543,2335,-652,6130,0.6993318485523385,0.45940959409594107
1974,6,9,1973,1301,804,1808,1279,-1004,3373,-0.48597392335045436,0.380404984423676
1974,7,10,1973,552,443,761,533,-318,1477,-0.8138279932546374,0.4698347107438016
1974,8,11,1973,382,335,440,377,-105,1022,-0.8278503830554303,0.46957746478873236
1974,9,12,1973,299,261,332,303,-70,775,-0.7514546965918537,0.36
1974,10,1,1974,234,221,261,235,-18,627,-0.6027164685908319,0.4578947368421053
1974,11,2,1974,284,246,324,284,77,736,-0.2623376623376623,0.38120000000000004
1974,12,3,1974,511,329,616,512,286,1368,0.7743055555555556,0.2282608695652174
1975,1,4,1974,912,619,1384,844,765,2441,2.8158995815899583,0.1423076923076924
1975,2,5,1974,2642,1384,3356,2790,1895,6391,8.572463768115941,0.08793454004463178
1975,3,6,1974,4019,3169,5359,3689,2081,10765,8.30324074074074,0.14232927970065493
1975,4,7,1974,4807,3831,5415,5098,-1566,12461,5.68567454798331,0.06790508897908201
1975,5,8,1974,2846,2102,3734,2873,-1632,7623,1.1128433556050483,0.19817965967550463
1975,6,9,1974,1467,1060,1922,1466,-862,3803,-0.4203871987356776,0.25
1975,7,10,1974,735,564,1028,703,-464,1970,-0.7521079258010118,0.208974358974359
1975,8,11,1974,472,387,564,477,-177,1264,-0.7872915727805317,0.16686274509803922
1975,9,12,1974,336,299,381,332,-82,870,-0.7206982543640897,0.2
1975,10,1,1975,266,240,295,271,-51,711,-0.5483870967741935,0.33
1975,11,2,1975,263,240,291,257,51,681,-0.3168831168831169,0.522962962962963
1975,12,3,1975,400,312,480,403,168,1072,0.3888888888888889,0.52
1976,1,4,1975,602,512,728,583,216,1614,1.5188284518828452,0.57
1976,2,5,1975,878,740,1187,859,447,2199,2.181159420289855,0.6331249999999999
1976,3,6,1975,3622,1246,5396,3901,4150,9701,7.3842592592592595,0.19367231638418092
1976,4,7,1975,4746,4353,5434,4500,-1002,12301,5.6008344923504865,0.07714046822742465
1976,5,8,1975,3830,2943,4501,3931,-1553,10259,1.8433556050482554,0.02964308077645585
1976,6,9,1975,2140,1485,2895,2117,-1411,5548,-0.15448439352034768,0.028871287128712828
1976,7,10,1975,1034,692,1447,1028,-755,2770,-0.651264755480607,0.026709206927985358
1976,8,11,1975,541,453,682,538,-229,1450,-0.7561964849031095,0.0520408163265305
1976,9,12,1975,403,373,453,398,-80,1045,-0.6650041562759768,0.06765957446808508
1976,10,1,1976,379,373,389,381,14,1016,-0.3565365025466893,0.022857142857142798
1976,11,2,1976,378,365,398,375,12,981,-0.01818181818181818,0.08
1976,12,3,1976,470,403,551,467,148,1260,0.6319444444444444,0.31421052631578944
1977,1,4,1976,692,556,914,660,302,1852,1.895397489539749,0.40121951219512225
1977,2,5,1976,1044,847,1493,965,634,2525,2.782608695652174,0.4642713567839197
1977,3,6,1976,2081,1560,2396,2113,836,5575,3.8171296296296298,0.6
1977,4,7,1976,2610,2423,2681,2624,257,6764,2.6300417246175245,0.609750812567714
1977,5,8,1976,2665,2261,2831,2743,-444,7138,0.9784706755753526,0.2602690582959641
1977,6,9,1976,1634,1108,2217,1628,-1110,4237,-0.3544053733702094,0.16116022099447502
1977,7,10,1976,781,572,1086,748,-515,2092,-0.736593591905565,0.17
1977,8,11,1976,492,431,572,480,-141,1319,-0.7782785038305543,0.13043478260869573
1977,9,12,1976,374,335,427,373,-91,969,-0.6891105569409809,0.10487804878048775
1977,10,1,1977,309,284,332,309,-48,828,-0.47538200339558573,0.09782608695652172
1977,11,2,1977,304,274,341,295,57,787,-0.21038961038961038,0.2713636363636364
1977,12,3,1977,529,345,752,563,407,1417,0.8368055555555556,0.1767630057803468
1978,1,4,1977,983,818,1117,977,212,2633,3.1129707112970713,0.10742187499999992
1978,2,5,1977,1475,1128,2028,1446,901,3569,4.344202898550725,0.21986856516977
1978,3,6,1977,3519,2102,5396,3251,3294,9426,7.145833333333333,0.2148749237339842
1978,4,7,1977,6021,5453,6348,6072,296,15607,7.37413073713491,0.0126837672281776
1978,5,8,1977,4600,3441,5669,4612,-2228,12321,2.414996288047513,0.010671512634129436
1978,6,9,1977,2476,1746,3405,2417,-1659,6419,-0.021730541288028447,0.010893133711925636
1978,7,10,1977,1218,859,1708,1167,-849,3262,-0.5892074198988195,0.010506142506142492
1978,8,11,1977,676,556,847,667,-291,1812,-0.6953582694907616,0
1978,9,12,1977,491,435,551,482,-116,1271,-0.5918536990856192,0
1978,10,1,1978,417,392,440,418,0,1117,-0.2920203735144312,0.010477326968973737
1978,11,2,1978,519,440,589,517,149,1345,0.34805194805194806,0.010131578947368408
1978,12,3,1978,699,602,784,692,182,1872,1.4270833333333333,0.04226804123711336
1979,1,4,1978,939,784,1126,925,342,2516,2.928870292887029,0.11978766430738115
1979,2,5,1978,1466,1128,1953,1396,825,3547,4.311594202898551,0.2353299492385788
1979,3,6,1978,2786,1983,3573,2769,1590,7463,5.449074074074074,0.3390140845070422
1979,4,7,1978,4659,3689,5326,4740,422,12076,5.479833101529903,0.0989816700610998
1979,5,8,1978,3071,2169,4037,3032,-1868,8226,1.2798812175204157,0.1631760435571688
1979,6,9,1978,1527,1073,2139,1489,-1066,3957,-0.39668115369419205,0.2132818532818534
1979,7,10,1978,788,602,1060,761,-458,2110,-0.7342327150084317,0.1423076923076924
1979,8,11,1978,521,456,596,527,-140,1395,-0.765209553853087,0.08313725490196078
1979,9,12,1978,401,338,456,405,-117,1040,-0.6666666666666666,0.07509090909090914
1979,10,1,1979,339,326,370,335,26,908,-0.4244482173174873,0.054608294930875476
1979,11,2,1979,442,373,564,431,191,1145,0.14805194805194805,0.03241071428571422
1979,12,3,1979,710,572,847,703,275,1901,1.4652777777777777,0.035065963060685955
1980,1,4,1979,1380,859,2232,1151,1373,3695,4.7740585774058575,0.045723507261968714
1980,2,5,1979,2260,2195,2335,2266,0,5664,7.188405797101449,0.11801213960546253
1980,3,6,1979,2591,2232,2932,2617,700,6940,4.997685185185185,0.43337423312883444
1980,4,7,1979,2941,2697,3068,2962,-246,7624,3.090403337969402,0.5118446601941747
1980,5,8,1979,2278,1832,2681,2294,-848,6102,0.6911655530809205,0.4789528795811516
1980,6,9,1979,1277,859,1783,1216,-925,3311,-0.4954563413670486,0.40316455696202536
1980,7,10,1979,653,538,844,624,-306,1748,-0.7797639123102866,0.29299065420560744
1980,8,11,1979,466,414,533,463,-119,1249,-0.789995493465525,0.1942622950819673
1980,9,12,1979,361,312,408,363,-96,935,-0.6999168744804655,0.13043478260869568
1980,10,1,1980,303,284,335,299,24,811,-0.4855687606112054,0.11862745098039203
1980,11,2,1980,375,332,422,379,87,971,-0.025974025974025976,0.10259740259740256
1980,12,3,1980,515,431,589,523,158,1380,0.7881944444444444,0.21832167832167826
1981,1,4,1980,744,596,914,720,310,1993,2.1129707112970713,0.30657894736842095
1981,2,5,1980,1071,905,1328,1024,422,2592,2.880434782608696,0.42461538461538473
1981,3,6,1980,2109,1384,3004,2130,1621,5649,3.8819444444444446,0.5686746987951808
1981,4,7,1980,3166,3021,3441,3074,420,8207,3.403337969401947,0.41827956989247295
1981,5,8,1980,2734,2020,3452,2716,-1421,7322,1.0296956198960654,0.2195897435897436
1981,6,9,1980,1367,892,1967,1356,-1075,3542,-0.4598972738048202,0.3355944055944057
1981,7,10,1980,648,533,863,624,-331,1736,-0.7814502529510962,0.3043478260869565
1981,8,11,1980,451,398,527,446,-129,1208,-0.7967552951780081,0.21957746478873238
1981,9,12,1980,346,291,392,347,-101,896,-0.71238570241064,0.18083969465648855
1981,10,1,1981,268,250,287,270,-34,719,-0.5449915110356537,0.31
1981,11,2,1981,281,246,309,284,59,729,-0.2701298701298701,0.41
1981,12,3,1981,374,317,403,387,86,1001,0.2986111111111111,0.65
1982,1,4,1981,484,403,564,480,161,1298,1.0251046025104602,0.8913043478260869
1982,2,5,1981,632,567,706,624,139,1528,1.289855072463768,0.9476138828633406
1982,3,6,1981,812,706,989,801,284,2174,0.8796296296296297,0.9653581661891117
1982,4,7,1981,1278,1023,1437,1319,247,3312,0.7774687065368567,0.8924812030075188
1982,5,8,1981,1132,1025,1291,1128,-266,3033,-0.15961395694135114,0.8982300884955752
1982,6,9,1981,730,533,998,717,-465,1891,-0.7115764519952588,0.8544247787610619
1982,7,10,1981,451,392,523,446,-131,1207,-0.8478920741989882,0.7397350993377484
1982,8,11,1981,351,320,392,347,-72,940,-0.8418206399278955,0.57
1982,9,12,1981,281,243,320,275,-77,729,-0.7664172901080631,0.48777777777777775
1982,10,1,1982,269,257,291,267,34,721,-0.5432937181663837,0.29
1982,11,2,1982,339,287,431,321,140,878,-0.11948051948051948,0.17562499999999998
1982,12,3,1982,525,446,602,523,156,1407,0.8229166666666666,0.19
1983,1,4,1982,702,609,779,728,171,1880,1.9372384937238494,0.380388349514563
1983,2,5,1982,843,784,925,844,141,2038,2.0543478260869565,0.6746153846153845
1983,3,6,1982,1041,930,1117,1073,167,2787,1.4097222222222223,0.841747572815534
1983,4,7,1982,1084,1073,1108,1083,-14,2810,0.5076495132127955,0.95
1983,5,8,1982,968,761,1080,977,-320,2593,-0.281365998515219,0.9357142857142857
1983,6,9,1982,555,446,748,533,-303,1440,-0.7807190833662584,0.921877444589309
1983,7,10,1982,392,341,443,389,-102,1049,-0.8677908937605396,0.8800947867298579
1983,8,11,1982,315,284,338,317,-55,844,-0.8580441640378549,0.7615999999999997
1983,9,12,1982,250,222,281,245,-59,649,-0.7921862011637573,0.6646666666666666
1983,10,1,1983,225,212,243,222,23,602,-0.6179966044142614,0.52
1983,11,2,1983,270,246,306,261,60,700,-0.2987012987012987,0.45737704918032795
1983,12,3,1983,392,306,470,427,164,1050,0.3611111111111111,0.5843243243243244
1984,1,4,1983,540,470,630,523,160,1447,1.2594142259414225,0.7615999999999997
1984,2,5,1983,738,637,859,734,222,1849,1.673913043478261,0.8092184368737475
1984,3,6,1983,1313,877,1802,1246,925,3517,2.0393518518518516,0.7066903684550744
1984,4,7,1983,1678,1511,1808,1708,-297,4349,1.333796940194715,0.7965753424657535
1984,5,8,1983,1225,941,1485,1208,-544,3280,-0.09057164068299926,0.8802152080344333
1984,6,9,1983,587,427,906,535,-480,1521,-0.7680758593441328,0.9137560975609756
1984,7,10,1983,363,320,420,354,-100,972,-0.8775716694772344,0.9114093959731544
1984,8,11,1983,284,257,320,281,-64,760,-0.87201442091032,0.87
1984,9,12,1983,230,212,250,227,-38,597,-0.8088113050706567,0.8218181818181818
1984,10,1,1984,211,199,229,207,14,564,-0.6417657045840407,0.6195652173913044
1984,11,2,1984,261,226,306,259,80,677,-0.3220779220779221,0.55
1984,12,3,1984,376,306,443,398,137,1007,0.3055555555555556,0.6318518518518518
1985,1,4,1984,554,453,748,533,295,1484,1.3179916317991631,0.7173913043478259
1985,2,5,1984,799,761,844,801,83,1932,1.894927536231884,0.7759574468085108
1985,3,6,1984,1044,847,1246,1066,399,2796,1.4166666666666667,0.8397283311772316
1985,4,7,1984,1648,1270,1917,1678,647,4272,1.2920723226703754,0.8056179775280898
1985,5,8,1984,1782,1447,1953,1832,-470,4772,0.32293986636971045,0.6829501915708812
1985,6,9,1984,1018,616,1432,1047,-816,2639,-0.597787435796128,0.6418367346938776
1985,7,10,1984,469,389,596,456,-207,1257,-0.8418212478920742,0.69
1985,8,11,1984,334,291,387,329,-96,895,-0.8494817485353763,0.67
1985,9,12,1984,253,226,291,253,-64,656,-0.7896924355777224,0.641304347826087
1985,10,1,1985,212,201,226,212,-14,567,-0.6400679117147708,0.6
1985,11,2,1985,223,207,243,223,24,578,-0.42077922077922075,0.7377777777777778
1985,12,3,1985,306,235,389,295,118,819,0.0625,0.9112727272727272
1986,1,4,1985,422,360,486,422,126,1129,0.7656903765690377,0.9578947368421052
1986,2,5,1985,621,523,740,620,207,1502,1.25,0.9574660633484162
1986,3,6,1985,897,740,1086,892,347,2402,1.0763888888888888,0.9173983739837399
1986,4,7,1985,2171,1096,3050,2294,1686,5627,2.019471488178025,0.7254065040650407
1986,5,8,1985,2029,1493,2743,2004,-1250,5435,0.5063103192279139,0.5646153846153846
1986,6,9,1985,1040,616,1455,1067,-839,2696,-0.5890952192809167,0.6195652173913048
1986,7,10,1985,469,389,596,459,-207,1258,-0.8418212478920742,0.69
1986,8,11,1985,339,295,387,338,-92,909,-0.847228481297882,0.6301123595505619
1986,9,12,1985,268,246,295,270,-36,695,-0.7772236076475478,0.5543478260869565
1986,10,1,1986,285,243,338,287,80,764,-0.5161290322580645,0.17
1986,11,2,1986,412,341,512,405,172,1068,0.07012987012987013,0.04842105263157891
1986,12,3,1986,572,517,630,564,113,1531,0.9861111111111112,0.07978313253012047
1987,1,4,1986,719,630,804,720,174,1925,2.00836820083682,0.33
1987,2,5,1986,889,804,1025,888,221,2150,2.221014492753623,0.608695652173913
1987,3,6,1986,1500,1025,2042,1466,1017,4018,2.4722222222222223,0.6808527131782947
1987,4,7,1986,1925,1746,2077,1935,-322,4990,1.6773296244784424,0.75
1987,5,8,1986,1427,1126,1708,1437,-582,3822,0.05939123979213066,0.8258947368421053
1987,6,9,1986,763,523,1096,717,-573,1979,-0.6985381272224417,0.8283832335329341
1987,7,10,1986,438,389,512,427,-123,1174,-0.8522765598650928,0.7751282051282051
1987,8,11,1986,340,302,387,338,-84,910,-0.846777827850383,0.6198507462686567
1987,9,12,1986,265,240,299,265,-60,686,-0.7797173732335827,0.57
1987,10,1,1987,236,226,240,240,-13,633,-0.599320882852292,0.44
1987,11,2,1987,244,225,338,229,57,633,-0.36623376623376624,0.608695652173913
1987,12,3,1987,364,287,408,387,102,975,0.2638888888888889,0.6976470588235294
1988,1,4,1987,456,403,542,453,139,1221,0.9079497907949791,0.9308396946564886
1988,2,5,1987,818,542,1142,885,600,2049,1.963768115942029,0.7277235772357723
1988,3,6,1987,1110,1028,1297,1086,180,2972,1.5694444444444444,0.8105429864253394
1988,4,7,1987,2058,1297,2467,2266,969,5333,1.86230876216968,0.7389920424403184
1988,5,8,1987,1872,1455,2222,1860,-767,5015,0.3897550111358575,0.6505938242280285
1988,6,9,1987,1041,648,1437,1075,-789,2699,-0.5887001185302252,0.6096385542168677
1988,7,10,1987,488,398,624,472,-226,1306,-0.8354131534569983,0.65
1988,8,11,1987,343,302,392,338,-90,920,-0.8454258675078864,0.6068965517241378
1988,9,12,1987,273,250,299,276,-49,707,-0.773067331670823,0.5315000000000001
1988,10,1,1988,229,209,246,229,-7,614,-0.6112054329371817,0.49
1988,11,2,1988,287,243,345,282,101,744,-0.2545454545454545,0.36
1988,12,3,1988,407,341,486,392,141,1090,0.4131944444444444,0.48
1989,1,4,1988,591,489,752,583,262,1583,1.4728033472803348,0.6197345132743363
1989,2,5,1988,1298,779,2310,1179,1531,3141,3.7028985507246377,0.29218616567036715
1989,3,6,1988,3123,2385,3488,3169,728,8364,6.229166666666667,0.25
1989,4,7,1988,3321,3021,3812,3357,762,8609,3.618915159944367,0.3295566502463054
1989,5,8,1988,3312,2576,3812,3417,-1236,8872,1.4587973273942094,0.08619612742036226
1989,6,9,1988,1834,1195,2543,1831,-1348,4753,-0.27538522323192416,0.08868913857677904
1989,7,10,1988,800,533,1167,752,-634,2142,-0.730185497470489,0.13046931407942247
1989,8,11,1988,428,360,523,422,-163,1147,-0.8071203244704822,0.30204081632653057
1989,9,12,1988,312,274,355,313,-81,810,-0.7406483790523691,0.3338399999999999
1989,10,1,1989,266,259,274,267,-15,713,-0.5483870967741935,0.33
1989,11,2,1989,242,231,259,240,-16,627,-0.37142857142857144,0.6193617021276595
1989,12,3,1989,290,243,422,267,179,778,0.006944444444444444,0.9490099009900991
1990,1,4,1989,501,431,660,480,220,1342,1.096234309623431,0.8591743119266055
1990,2,5,1989,703,667,734,704,54,1701,1.5471014492753623,0.8681481481481478
1990,3,6,1989,854,748,941,877,193,2287,0.9768518518518519,0.9484238178633976
1990,4,7,1989,900,877,941,892,-49,2334,0.2517385257301808,0.9693206197854589
1990,5,8,1989,984,905,1028,989,92,2636,-0.26948775055679286,0.9283505154639176
1990,6,9,1989,748,495,989,757,-495,1938,-0.7044646384828132,0.8372507552870091
1990,7,10,1989,406,345,486,398,-141,1087,-0.8630691399662732,0.8395597484276729
1990,8,11,1989,307,267,341,309,-74,822,-0.8616493916178459,0.7972727272727272
1990,9,12,1989,232,212,267,227,-38,602,-0.8071487946799667,0.79
1990,10,1,1990,212,199,225,212,-26,569,-0.6400679117147708,0.6
1990,11,2,1990,214,199,243,212,44,555,-0.44415584415584414,0.806060606060606
1990,12,3,1990,319,243,431,317,188,855,0.1076388888888889,0.849618320610687
1991,1,4,1990,512,418,667,486,240,1370,1.1422594142259415,0.8394814814814815
1991,2,5,1990,939,682,1551,891,869,2271,2.402173913043478,0.5493023255813954
1991,3,6,1990,2139,1551,2294,2169,561,5730,3.951388888888889,0.5571323529411765
1991,4,7,1990,1890,1746,2113,1881,-367,4898,1.6286509040333796,0.7605524861878453
1991,5,8,1990,1478,1096,1716,1551,-620,3960,0.09725315515961395,0.8061208875286916
1991,6,9,1990,688,440,1086,626,-646,1783,-0.7281706835242987,0.8695751295336788
1991,7,10,1990,369,320,435,365,-115,989,-0.8755480607082631,0.9015625
1991,8,11,1990,283,257,317,281,-60,759,-0.8724650743578188,0.8906976744186047
1991,9,12,1990,222,200,250,221,-50,574,-0.8154613466334164,0.8478260869565218
1991,10,1,1991,201,193,226,195,27,538,-0.6587436332767402,0.7384000000000001
1991,11,2,1991,261,229,306,264,77,678,-0.3220779220779221,0.55
1991,12,3,1991,435,306,551,463,153,1165,0.5104166666666666,0.4106796116504855
1992,1,4,1991,538,467,602,548,135,1442,1.2510460251046025,0.771230769230769
1992,2,5,1991,659,602,720,654,119,1652,1.3876811594202898,0.9321359223300971
1992,3,6,1991,845,728,905,877,148,2264,0.9560185185185185,0.9533834586466166
1992,4,7,1991,838,819,877,835,-58,2172,0.16550764951321278,0.9876132930513596
1992,5,8,1991,757,602,819,794,-209,2027,-0.43801039346696363,0.96
1992,6,9,1991,447,365,567,438,-202,1157,-0.8233899644409325,0.9523316062176166
1992,7,10,1991,322,274,365,324,-83,863,-0.8913996627318719,0.9611409395973154
1992,8,11,1991,253,226,276,257,-50,679,-0.885984677782785,0.9468421052631579
1992,9,12,1991,198,175,225,199,-50,513,-0.8354114713216958,0.9531914893617021
1992,10,1,1992,173,164,186,171,11,462,-0.7062818336162988,0.9117948717948718
1992,11,2,1992,203,189,243,200,54,526,-0.4727272727272727,0.8904761904761905
1992,12,3,1992,289,235,408,287,168,773,0.003472222222222222,0.9512605042016806
1993,1,4,1992,410,370,495,398,97,1097,0.7154811715481172,0.97
1993,2,5,1992,735,489,906,798,417,1777,1.6630434782608696,0.8162068965517241
1993,3,6,1992,1186,906,1836,1091,929,3175,1.7453703703703705,0.75
1993,4,7,1992,2886,1917,3573,2872,1554,7480,3.0139082058414464,0.547945205479452
1993,5,8,1992,2473,1746,3417,2411,-1671,6624,0.835931700074239,0.3488524590163935
1993,6,9,1992,1166,677,1708,1142,-1031,3023,-0.5393125246937969,0.5217391304347827
1993,7,10,1992,458,354,648,446,-294,1228,-0.845531197301855,0.7282608695652174
1993,8,11,1992,300,252,347,295,-95,802,-0.864803965750338,0.8290322580645161
1993,9,12,1992,220,200,248,221,-47,570,-0.8171238570241064,0.8695652173913044
1993,10,1,1993,188,177,199,191,-6,504,-0.6808149405772496,0.86
1993,11,2,1993,224,183,287,211,75,580,-0.41818181818181815,0.729344262295082
1993,12,3,1993,313,287,370,302,83,838,0.08680555555555555,0.8803296703296704
1994,1,4,1993,520,373,712,551,300,1392,1.1757322175732217,0.825764705882353
1994,2,5,1993,840,685,1066,822,382,2033,2.0434782608695654,0.6819999999999999
1994,3,6,1993,1512,1085,1839,1532,751,4049,2.5,0.6737078651685394
1994,4,7,1993,1541,1151,1832,1544,-681,3995,1.1432545201668984,0.8350478011472275
1994,5,8,1993,741,446,1128,706,-682,1986,-0.44988864142538976,0.9771028037383178
1994,6,9,1993,360,306,440,352,-134,933,-0.8577637297510865,0.9794059405940594
1994,7,10,1993,278,259,302,274,-43,744,-0.9062394603709949,0.9789699570815451
1994,8,11,1993,227,201,258,228,-57,607,-0.8977016674177557,0.9775596816976128
1994,9,12,1993,182,156,201,183,-37,470,-0.8487115544472152,0.977037037037037
1994,10,1,1994,155,139,164,156,0,416,-0.7368421052631579,0.9637539432176656
1994,11,2,1994,171,156,193,165,35,442,-0.5558441558441558,0.96
1994,12,3,1994,233,189,281,243,87,624,-0.1909722222222222,0.98
1995,1,4,1994,330,284,387,324,103,884,0.3807531380753138,1
1995,2,5,1994,459,389,541,461,152,1109,0.6630434782608695,0.9898936170212765
1995,3,6,1994,731,549,1060,692,511,1957,0.6921296296296297,0.979344262295082
1995,4,7,1994,1175,1086,1232,1191,0,3045,0.6342141863699583,0.925820895522388
1995,5,8,1994,757,421,1080,782,-659,2029,-0.43801039346696363,0.96
1995,6,9,1994,327,271,408,323,-137,847,-0.8708020545239036,1
1995,7,10,1994,244,222,270,243,-48,653,-0.9177065767284992,1
1995,8,11,1994,199,177,222,199,-45,533,-0.9103199639477242,1
1995,9,12,1994,153,133,177,154,-44,396,-0.8728179551122195,1
1995,10,1,1995,122,115,131,122,-5,326,-0.7928692699490663,0.9796908809891808
1995,11,2,1995,154,126,202,148,68,398,-0.6,0.99
1995,12,3,1995,233,193,267,236,68,625,-0.1909722222222222,0.98
1996,1,4,1995,369,271,427,392,139,990,0.5439330543933054,0.9891693290734824
1996,2,5,1995,452,408,505,456,87,1132,0.6376811594202898,1
1996,3,6,1995,588,512,673,583,161,1575,0.3611111111111111,1
1996,4,7,1995,759,685,819,762,135,1967,0.055632823365785816,1
1996,5,8,1995,686,446,819,728,-374,1837,-0.49072011878247956,1
1996,6,9,1995,345,284,440,336,-156,894,-0.863690241011458,0.9889743589743589
1996,7,10,1995,254,228,281,257,-53,681,-0.9143338954468803,0.989618320610687
1996,8,11,1995,204,183,227,201,-44,546,-0.9080666967102299,0.9897971602434077
1996,9,12,1995,158,135,180,157,-45,409,-0.8686616791354946,0.9898054474708171
1996,10,1,1996,117,105,134,115,-28,314,-0.801358234295416,0.9891304347826088
1996,11,2,1996,157,103,191,171,89,406,-0.5922077922077922,0.979568345323741
1996,12,3,1996,230,191,295,226,104,615,-0.2013888888888889,1
1997,1,4,1996,410,302,517,414,211,1098,0.7154811715481172,0.97
1997,2,5,1996,694,527,748,728,201,1680,1.5144927536231885,0.8916666666666667
1997,3,6,1996,891,728,1083,885,354,2386,1.0625,0.9309016393442623
1997,4,7,1996,1253,1091,1384,1262,292,3249,0.7426981919332406,0.9034818941504178
1997,5,8,1996,1315,1128,1400,1366,-256,3522,-0.023756495916852263,0.8494686503719447
1997,6,9,1996,735,440,1117,694,-677,1904,-0.7096009482418016,0.849034749034749
1997,7,10,1996,347,285,431,341,-146,930,-0.8829679595278246,0.9239130434782609
1997,8,11,1996,242,207,283,235,-77,648,-0.8909418657052727,0.9648571428571429
1997,9,12,1996,194,180,209,192,-27,503,-0.8387364921030757,0.9648571428571429
1997,10,1,1997,168,157,188,164,-15,451,-0.7147707979626485,0.9430232558139535
1997,11,2,1997,182,163,209,183,46,471,-0.5272727272727272,0.9437142857142857
1997,12,3,1997,297,209,410,274,201,796,0.03125,0.9344
1998,1,4,1997,565,410,690,537,279,1514,1.3640167364016735,0.6949367088607595
1998,2,5,1997,1153,713,2202,906,1489,2790,3.177536231884058,0.3592619392185239
1998,3,6,1997,2611,2233,3427,2353,1194,6994,5.043981481481482,0.4208794788273615
1998,4,7,1997,3313,3096,3525,3256,-363,8588,3.60778859527121,0.34140624999999963
1998,5,8,1997,2518,1902,3056,2579,-1155,6744,0.8693392724573126,0.31833836858006037
1998,6,9,1997,1192,708,1821,1161,-1112,3091,-0.5290399051758198,0.48750000000000027
1998,7,10,1997,514,418,678,492,-260,1377,-0.8266441821247892,0.55
1998,8,11,1997,353,299,415,348,-116,945,-0.8409193330328977,0.5543478260869565
1998,9,12,1997,248,210,292,244,-82,643,-0.7938487115544473,0.69
1998,10,1,1998,196,174,210,195,-36,524,-0.66723259762309,0.77
1998,11,2,1998,195,174,225,198,51,506,-0.4935064935064935,0.92
1998,12,3,1998,342,237,436,334,199,917,0.1875,0.78
1999,1,4,1998,571,447,731,580,284,1529,1.389121338912134,0.6837931034482758
1999,2,5,1998,987,737,1536,907,800,2389,2.5760869565217392,0.5
1999,3,6,1998,2292,1571,2619,2402,1048,6140,4.305555555555555,0.5301855670103093
1999,4,7,1998,2973,2629,3421,2865,738,7705,3.1349095966620304,0.48828947368421055
1999,5,8,1998,2726,2011,3367,2773,-1356,7300,1.0237564959168524,0.22426966292134834
1999,6,9,1998,1314,715,2011,1194,-1297,3407,-0.4808376135914658,0.3697495183044316
1999,7,10,1998,508,403,690,475,-286,1362,-0.8286677908937605,0.5869565217391305
1999,8,11,1998,334,276,393,341,-117,895,-0.8494817485353763,0.67
1999,9,12,1998,232,201,272,237,-72,602,-0.8071487946799667,0.79
1999,10,1,1999,196,194,201,196,-7,526,-0.66723259762309,0.77
1999,11,2,1999,205,194,237,203,43,532,-0.4675324675324675,0.8698876404494382
1999,12,3,1999,309,249,393,292,143,828,0.07291666666666667,0.8923076923076924
2000,1,4,1999,457,399,486,482,87,1225,0.9121338912133892,0.9290604026845638
2000,2,5,1999,691,495,820,662,325,1731,1.5036231884057971,0.9003355704697987
2000,3,6,1999,1248,820,2751,973,1931,3342,1.8888888888888888,0.7244186046511626
2000,4,7,1999,3048,2579,3411,2996,-438,7900,3.239221140472879,0.4387637362637363
2000,5,8,1999,2133,1621,2562,2169,-941,5713,0.5835189309576837,0.5425281199785752
2000,6,9,1999,1063,596,1591,1062,-995,2755,-0.5800079020150138,0.5775675675675674
2000,7,10,1999,448,351,586,432,-236,1201,-0.8489038785834738,0.7600943396226415
2000,8,11,1999,299,259,345,300,-86,801,-0.8652546191978369,0.8369565217391306
2000,9,12,1999,223,194,257,222,-63,578,-0.8146300914380715,0.8394117647058823
2000,10,1,2000,162,145,190,159,-42,434,-0.7249575551782682,0.9561643835616438
2000,11,2,2000,171,140,231,168,83,443,-0.5558441558441558,0.96
2000,12,3,2000,339,240,466,340,226,909,0.17708333333333334,0.8060606060606063
2001,1,4,2000,605,471,800,583,329,1620,1.5313807531380754,0.5520408163265305
2001,2,5,2000,1136,825,2009,1031,1184,2748,3.1159420289855073,0.369639175257732
2001,3,6,2000,2908,2123,3290,3056,917,7789,5.731481481481482,0.31254980079681266
2001,4,7,2000,3285,3031,3677,3204,637,8514,3.56884561891516,0.3660550458715597
2001,5,8,2000,3005,2299,3642,3031,-1343,8049,1.230883444691908,0.18098724610297595
2001,6,9,2000,1624,1043,2283,1615,-1240,4208,-0.3583563808771237,0.173
2001,7,10,2000,688,471,999,639,-528,1842,-0.7679595278246206,0.26023255813953483
2001,8,11,2000,397,336,466,393,-130,1064,-0.8210905813429473,0.44156626506024094
2001,9,12,2000,288,240,332,292,-92,746,-0.7605985037406484,0.4323404255319149
2001,10,1,2001,210,195,237,203,-35,563,-0.6434634974533107,0.64
2001,11,2,2001,283,209,374,275,165,733,-0.2649350649350649,0.3906976744186047
2001,12,3,2001,420,378,462,418,84,1126,0.4583333333333333,0.46303571428571433
2002,1,4,2001,548,475,600,561,125,1468,1.292887029288703,0.7388732394366199
2002,2,5,2001,710,614,848,686,233,1717,1.5724637681159421,0.8482758620689655
2002,3,6,2001,1242,848,1621,1184,773,3326,1.875,0.7352941176470588
2002,4,7,2001,1786,1638,1931,1771,288,4628,1.4840055632823366,0.7813314447592068
2002,5,8,2001,1934,1727,2029,1936,-209,5181,0.4357832219747587,0.6301429933269781
2002,6,9,2001,1271,825,1703,1239,-879,3295,-0.49782694587119714,0.41179487179487184
2002,7,10,2001,543,415,786,517,-371,1455,-0.8168634064080944,0.5
2002,8,11,2001,344,293,410,340,-117,921,-0.8449752140603876,0.5994736842105263
2002,9,12,2001,252,227,292,249,-65,652,-0.7905236907730673,0.6512195121951219
2002,10,1,2002,206,195,226,201,-30,550,-0.6502546689303905,0.67
2002,11,2,2002,213,194,234,209,37,552,-0.44675324675324674,0.82
2002,12,3,2002,307,237,393,306,156,823,0.06597222222222222,0.9035714285714284
2003,1,4,2002,551,403,703,561,299,1477,1.3054393305439331,0.7282608695652173
2003,2,5,2002,888,708,1088,874,380,2148,2.217391304347826,0.6168750000000001
2003,3,6,2002,1523,1087,2006,1484,919,4079,2.525462962962963,0.6677777777777778
2003,4,7,2002,2915,2029,3846,2776,1801,7556,3.054242002781641,0.5317970049916805
2003,5,8,2002,3121,2383,3846,3109,-1464,8361,1.3170007423904975,0.15021739130434786
2003,6,9,2002,1757,1144,2353,1772,-1209,4554,-0.305807981035164,0.13083333333333255
2003,7,10,2002,729,492,1130,686,-639,1954,-0.7541315345699832,0.22
2003,8,11,2002,401,330,486,399,-156,1074,-0.8192879675529517,0.40217391304347816
2003,9,12,2002,271,226,330,267,-104,704,-0.7747298420615129,0.5426229508196722
2003,10,1,2003,206,189,259,200,-27,552,-0.6502546689303905,0.67
2003,11,2,2003,220,198,247,220,48,571,-0.42857142857142855,0.75
2003,12,3,2003,342,252,457,335,206,917,0.1875,0.78
2004,1,4,2003,600,462,743,580,281,1607,1.5104602510460252,0.5947368421052633
2004,2,5,2003,1062,750,1638,973,889,2660,2.847826086956522,0.4347826086956522
2004,3,6,2003,3067,1718,4339,2981,2589,8214,6.099537037037037,0.2707006697578568
2004,4,7,2003,3990,3890,4285,3969,-395,10343,4.549374130737135,0.21889674681753896
2004,5,8,2003,3163,2383,3839,3139,-1457,8472,1.348181143281366,0.13016470588235293
2004,6,9,2003,1775,1134,2346,1819,-1212,4602,-0.29869616752271827,0.10953307392996108
2004,7,10,2003,719,492,1099,669,-607,1925,-0.757504215851602,0.23783582089552244
2004,8,11,2003,403,334,475,399,-138,1079,-0.8183866606579541,0.3906976744186047
2004,9,12,2003,278,237,329,272,-92,719,-0.7689110556940981,0.5
2004,10,1,2004,215,201,237,210,-27,576,-0.634974533106961,0.5875294117647059
2004,11,2,2004,236,201,378,220,137,612,-0.38701298701298703,0.6630434782608696
2004,12,3,2004,341,299,389,341,58,914,0.1840277777777778,0.7921052631578948
2005,1,4,2004,528,393,639,557,246,1415,1.209205020920502,0.8069767441860465
2005,2,5,2004,806,658,965,801,307,1951,1.9202898550724639,0.7603921568627451
2005,3,6,2004,1185,995,1316,1190,314,3173,1.7430555555555556,0.7600327332242226
2005,4,7,2004,1240,1209,1310,1234,-71,3214,0.7246175243393602,0.9108045977011494
2005,5,8,2004,1270,1149,1337,1277,-99,3400,-0.05716406829992576,0.8692436974789917
2005,6,9,2004,813,517,1131,857,-614,2107,-0.6787830896878704,0.810418118466899
2005,7,10,2004,425,366,512,421,-146,1137,-0.8566610455311973,0.8207567567567567
2005,8,11,2004,306,273,366,299,-93,819,-0.8621000450653448,0.81
2005,9,12,2004,231,194,273,222,-79,597,-0.8079800498753117,0.81
2005,10,1,2005,170,157,190,168,-27,455,-0.7113752122241087,0.9331428571428572
2005,11,2,2005,211,172,284,194,104,548,-0.45194805194805193,0.8478260869565217
2005,12,3,2005,337,262,600,332,324,902,0.1701388888888889,0.8228
2006,1,4,2005,601,432,786,566,354,1611,1.5146443514644352,0.5869565217391306
2006,2,5,2005,972,795,1062,1012,267,2350,2.5217391304347827,0.5158823529411762
2006,3,6,2005,1611,1083,2299,1536,1217,4315,2.7291666666666665,0.6535714285714286
2006,4,7,2005,2587,2345,2684,2586,229,6706,2.5980528511821976,0.6196749521988528
2006,5,8,2005,2371,2078,2562,2390,-484,6349,0.7602078693392724,0.3906976744186047
2006,6,9,2005,1498,934,2047,1480,-1114,3882,-0.4081390754642434,0.22951640759930922
2006,7,10,2005,592,432,907,554,-475,1585,-0.8003372681281619,0.41
2006,8,11,2005,349,289,425,347,-137,936,-0.8427219468228931,0.584776119402985
2006,9,12,2005,247,210,284,238,-74,639,-0.7946799667497921,0.7027272727272726
2006,10,1,2006,219,210,227,217,15,586,-0.6281833616298812,0.57
2006,11,2,2006,265,227,325,262,97,688,-0.3116883116883117,0.5
2006,12,3,2006,439,330,557,427,219,1176,0.5243055555555556,0.393103448275862
2007,1,4,2006,812,561,1406,743,845,2175,2.397489539748954,0.25
2007,2,5,2006,3308,1561,4536,3341,2943,8002,10.985507246376812,0.04465786314525802
2007,3,6,2006,3978,3478,4543,3916,-1047,10655,8.208333333333334,0.15107049608355094
2007,4,7,2006,3291,2963,3483,3367,-497,8531,3.577190542420028,0.3596069868995634
2007,5,8,2006,2503,2006,2939,2498,-934,6705,0.858203414996288,0.33275862068965506
2007,6,9,2006,1404,952,1976,1395,-1024,3640,-0.44527854602923744,0.3125423728813559
2007,7,10,2006,680,513,946,658,-433,1822,-0.7706576728499157,0.270682302771855
2007,8,11,2006,431,366,507,430,-141,1155,-0.8057683641279856,0.29
2007,9,12,2006,315,276,366,304,-90,817,-0.7381546134663342,0.3234146341463414
2007,10,1,2007,260,247,276,259,-30,696,-0.5585738539898133,0.3472972972972973
2007,11,2,2007,279,237,336,273,92,723,-0.2753246753246753,0.43
2007,12,3,2007,501,336,809,458,473,1342,0.7395833333333334,0.27
2008,1,4,2007,1205,809,1771,1062,962,3226,4.041841004184101,0.08176231884057972
2008,2,5,2007,2523,1808,3367,2383,1415,6322,8.141304347826088,0.09665837737022068
2008,3,6,2007,2940,2773,3223,2897,-326,7873,5.805555555555555,0.3002347417840376
2008,4,7,2007,3033,2854,3171,3035,-60,7863,3.2183588317107095,0.4486666666666669
2008,5,8,2007,2375,1958,2840,2345,-882,6361,0.7631774313288789,0.3843589743589742
2008,6,9,2007,1337,864,1890,1301,-1026,3465,-0.47175029632556303,0.3585889570552147
2008,7,10,2007,573,432,825,545,-393,1535,-0.8067453625632378,0.45471698113207554
2008,8,11,2007,373,325,427,374,-102,999,-0.8319062640829202,0.4896551724137931
2008,9,12,2007,274,240,322,272,-82,710,-0.772236076475478,0.522962962962963
2008,10,1,2008,196,182,231,196,-38,524,-0.66723259762309,0.77
2008,11,2,2008,265,196,336,268,140,686,-0.3116883116883117,0.5
2008,12,3,2008,522,341,658,537,317,1398,0.8125,0.20445544554455455
2009,1,4,2008,895,658,1134,892,476,2398,2.7447698744769875,0.16253886010362698
2009,2,5,2008,1608,1144,2434,1489,1289,3889,4.826086956521739,0.19646596858638754
2009,3,6,2008,4707,2562,5796,5473,2911,12607,9.895833333333334,0.06929873394989672
2009,4,7,2008,4504,3483,5453,4438,-1970,11674,5.264255910987482,0.1307326007326009
2009,5,8,2008,2605,2083,3442,2579,-1359,6977,0.9339272457312546,0.28207885304659497
2009,6,9,2008,1450,952,2029,1419,-1077,3759,-0.4271039114974318,0.2610365853658536
2009,7,10,2008,642,472,928,604,-456,1721,-0.7834738617200675,0.32162790697674404
2009,8,11,2008,399,336,475,393,-139,1068,-0.8201892744479495,0.42
2009,9,12,2008,282,247,330,274,-83,731,-0.7655860349127181,0.47826086956521763
2009,10,1,2009,223,213,244,220,-17,599,-0.6213921901528013,0.5434782608695652
2009,11,2,2009,290,227,391,276,160,753,-0.24675324675324675,0.3275675675675675
2009,12,3,2009,467,391,580,447,190,1250,0.6215277777777778,0.33
2010,1,4,2009,788,596,1025,760,430,2111,2.297071129707113,0.28072727272727277
2010,2,5,2009,1646,1036,2633,1466,1596,3982,4.963768115942029,0.18724471299093667
2010,3,6,2009,4336,2717,5038,4537,1776,11613,9.037037037037036,0.1043290043290043
2010,4,7,2009,4639,4171,5149,4522,502,12025,5.45201668984701,0.10707964601769901
2010,5,8,2009,3824,2854,4995,3874,-2141,10243,1.8389012620638456,0.030243079000675223
2010,6,9,2009,2131,1519,2802,2147,-1283,5523,-0.15804030027657054,0.03054600606673403
2010,7,10,2009,1011,708,1438,946,-730,2709,-0.6590219224283306,0.04040920716112531
2010,8,11,2009,532,432,678,526,-246,1426,-0.7602523659305994,0.06495412844036688
2010,9,12,2009,355,299,427,350,-128,919,-0.7049044056525353,0.15
2010,10,1,2010,250,225,296,244,-64,671,-0.5755517826825127,0.36936170212765956
2010,11,2,2010,262,231,312,254,79,678,-0.3194805194805195,0.532608695652174
2010,12,3,2010,454,330,649,421,319,1215,0.5763888888888888,0.349034749034749
2011,1,4,2010,1274,661,2006,1111,1344,3411,4.330543933054393,0.056294536817102045
2011,2,5,2010,2842,2029,3800,2730,1771,6875,9.297101449275363,0.07546599496221658
2011,3,6,2010,3836,3784,3937,3814,136,10273,7.87962962962963,0.17137829912023464
2011,4,7,2010,4196,3953,4356,4236,241,10877,4.835883171070932,0.1668878718535469
2011,5,8,2010,3546,2717,4127,3558,-1410,9497,1.6325167037861916,0.05635914332784176
2011,6,9,2010,1905,1222,2677,1924,-1455,4939,-0.24733306993283288,0.058296943231440995
2011,7,10,2010,875,619,1204,854,-584,2344,-0.7048903878583473,0.08877583465818759
2011,8,11,2010,500,418,604,492,-187,1339,-0.7746732762505634,0.11964912280701749
2011,9,12,2010,355,299,410,350,-111,919,-0.7049044056525353,0.15
2011,10,1,2011,274,244,296,284,-52,735,-0.534804753820034,0.24
2011,11,2,2011,297,244,374,309,130,771,-0.22857142857142856,0.29285714285714276
2011,12,3,2011,504,391,614,513,224,1351,0.75,0.25
2012,1,4,2011,839,604,1087,870,473,2247,2.510460251046025,0.2177593360995851
2012,2,5,2011,1581,1099,1961,1667,862,3963,4.728260869565218,0.20323224261771758
2012,3,6,2011,2340,1972,2712,2332,740,6267,4.416666666666667,0.5
2012,4,7,2011,3195,2726,3544,3214,773,8283,3.443671766342142,0.3907894736842106
2012,5,8,2011,2800,2123,3478,2802,-1356,7501,1.0786933927245732,0.20566502463054198
2012,6,9,2011,1427,854,2106,1389,-1252,3698,-0.43619122876333466,0.29
2012,7,10,2011,603,466,838,569,-372,1614,-0.7966273187183811,0.39150579150579146
2012,8,11,2011,404,340,466,403,-126,1081,-0.8179360072104551,0.37
2012,9,12,2011,292,252,340,289,-88,757,-0.7572734829592684,0.41
2012,10,1,2012,236,223,247,237,-20,633,-0.599320882852292,0.44
2012,11,2,2012,293,231,341,306,110,759,-0.23896103896103896,0.3075471698113208
2012,12,3,2012,501,345,737,475,391,1342,0.7395833333333334,0.27
2013,1,4,2012,1224,750,2225,1054,1475,3278,4.121338912133891,0.0714070351758793
2013,2,5,2012,3130,2321,3529,3197,1208,7571,10.340579710144928,0.05507267027643194
2013,3,6,2012,3379,3056,3615,3478,-472,9050,6.8217592592592595,0.22725190839694662
2013,4,7,2012,3030,2939,3096,3035,-101,7855,3.2141863699582753,0.45529411764705924
2013,5,8,2012,2273,1571,2914,2275,-1343,6088,0.6874536005939124,0.4858659217877094
2013,6,9,2012,1003,658,1536,958,-878,2601,-0.6037139470564994,0.6603825136612022
2013,7,10,2012,499,410,639,482,-229,1337,-0.8317032040472175,0.6195652173913041
2013,8,11,2012,355,305,410,348,-105,950,-0.8400180261379,0.5444444444444445
2013,9,12,2012,265,232,299,259,-67,686,-0.7797173732335827,0.57
2013,10,1,2013,210,195,232,203,-23,561,-0.6434634974533107,0.64
2013,11,2,2013,249,210,325,249,115,646,-0.35324675324675325,0.5882051282051283
2013,12,3,2013,545,340,809,475,469,1459,0.8923611111111112,0.15084745762711882
2014,1,4,2013,805,721,999,786,190,2155,2.3682008368200838,0.2604255319148936
2014,2,5,2013,1420,1036,2006,1375,921,3435,4.144927536231884,0.25
2014,3,6,2013,2363,1961,3243,2196,1282,6328,4.469907407407407,0.48963607594936703
2014,4,7,2013,3451,3330,3575,3458,-21,8945,3.799721835883171,0.2922413793103447
2014,5,8,2013,3225,2751,3466,3346,-640,8637,1.3942093541202674,0.0990467937608319
2014,6,9,2013,2076,1449,2684,2095,-1236,5382,-0.17977084156459897,0.04146422628951742
2014,7,10,2013,961,626,1406,946,-780,2575,-0.6758853288364249,0.057621951219512114
2014,8,11,2013,484,393,604,466,-212,1295,-0.7818837314105452,0.1414634146341464
2014,9,12,2013,331,289,386,328,-97,858,-0.7248545303408146,0.23724137931034495
2014,10,1,2014,252,235,289,244,-45,675,-0.5721561969439728,0.35963855421686747
2014,11,2,2014,266,240,302,261,58,690,-0.3090909090909091,0.4895454545454546
2014,12,3,2014,389,305,475,378,170,1043,0.3506944444444444,0.5984375000000001
2015,1,4,2014,602,472,737,587,264,1611,1.5188284518828452,0.57
2015,2,5,2014,863,737,1025,851,289,2088,2.1268115942028984,0.6519553072625698
2015,3,6,2014,1149,1045,1292,1131,247,3078,1.6597222222222223,0.7845161290322582
2015,4,7,2014,1333,1292,1359,1331,39,3455,0.8539638386648123,0.8803585657370517
2015,5,8,2014,1414,1331,1460,1424,28,3788,0.04974016332590943,0.8323085460599334
2015,6,9,2014,1045,678,1347,1080,-669,2709,-0.5871197155274595,0.5991525423728814
2015,7,10,2014,498,399,658,472,-259,1333,-0.8320404721753795,0.6300452488687783
2015,8,11,2014,333,284,393,330,-109,891,-0.8499324019828751,0.6847826086956521
2015,9,12,2014,240,209,282,232,-73,622,-0.800498753117207,0.75
2015,10,1,2015,195,176,210,194,-33,521,-0.6689303904923599,0.81
2015,11,2,2015,204,176,235,201,59,529,-0.4701298701298701,0.8804347826086956
2015,12,3,2015,303,240,386,299,146,811,0.052083333333333336,0.9224324324324324
2016,1,4,2015,491,393,600,486,207,1315,1.0543933054393306,0.880253164556962
2016,2,5,2015,847,604,1359,774,755,2123,2.068840579710145,0.6663636363636364
2016,3,6,2015,2421,1479,2717,2553,1239,6485,4.604166666666667,0.470756972111554
2016,4,7,2015,2933,2755,2976,2963,155,7602,3.079276773296245,0.5208556149732618
2016,5,8,2015,2459,1958,2897,2492,-939,6586,0.8255382331106161,0.35853658536585364
2016,6,9,2015,1242,721,1890,1203,-1169,3219,-0.5092848676412485,0.4438661710037175
2016,7,10,2015,500,393,708,475,-315,1340,-0.8313659359190556,0.6097087378640776
2016,8,11,2015,332,282,393,330,-111,889,-0.8503830554303741,0.6920634920634919
2016,9,12,2015,242,213,276,236,-63,627,-0.798836242726517,0.72
2016,10,1,2016,187,167,210,188,-43,501,-0.6825127334465195,0.8800377358490566
2016,11,2,2016,187,157,227,190,63,484,-0.5142857142857142,0.9359459459459459
2016,12,3,2016,369,237,587,336,221,989,0.28125,0.6835483870967742
2017,1,4,2016,851,458,1093,973,629,2280,2.5606694560669454,0.19886363636363646
2017,2,5,2016,1237,1081,1591,1191,425,2993,3.4818840579710146,0.30745721271393633
2017,3,6,2016,2422,1519,3857,2144,2339,6488,4.606481481481482,0.46981762917933145
2017,4,7,2016,3418,2817,3890,3481,-1073,8861,3.753824756606398,0.31091914893617023
2017,5,8,2016,2196,1638,2773,2162,-1134,5881,0.6302895322939867,0.524864864864865
2017,6,9,2016,1119,678,1612,1121,-935,2900,-0.5578822599762939,0.5462921348314607
2017,7,10,2016,483,382,649,466,-267,1293,-0.8370994940978077,0.6708411214953272
2017,8,11,2016,318,264,378,320,-114,852,-0.8566922036953583,0.7391304347826089
2017,9,12,2016,231,217,262,227,-45,599,-0.8079800498753117,0.81